#-----------------------------------------------------------
# Vivado v2018.3 (64-bit)
# SW Build 2405991 on Thu Dec  6 23:38:27 MST 2018
# IP Build 2404404 on Fri Dec  7 01:43:56 MST 2018
# Start of session at: Wed May  1 16:08:52 2024
# Process ID: 5460
# Current directory: D:/my_homework/my_vivado_practice/project_practice_week10_on_class/XADC
# Command line: vivado.exe -gui_launcher_event rodinguilauncherevent9820 D:\my_homework\my_vivado_practice\project_practice_week10_on_class\XADC\XADC.xpr
# Log file: D:/my_homework/my_vivado_practice/project_practice_week10_on_class/XADC/vivado.log
# Journal file: D:/my_homework/my_vivado_practice/project_practice_week10_on_class/XADC\vivado.jou
#-----------------------------------------------------------
start_gui
open_project D:/my_homework/my_vivado_practice/project_practice_week10_on_class/XADC/XADC.xpr
Scanning sources...
Finished scanning sources
INFO: [IP_Flow 19-234] Refreshing IP repositories
INFO: [IP_Flow 19-1704] No user IP repositories specified
INFO: [IP_Flow 19-2313] Loaded Vivado IP repository 'D:/Xilinx/Vivado/2018.3/data/ip'.
open_project: Time (s): cpu = 00:00:06 ; elapsed = 00:00:10 . Memory (MB): peak = 714.531 ; gain = 84.711
update_compile_order -fileset sources_1
export_ip_user_files -of_objects  [get_files D:/my_homework/my_vivado_practice/project_practice_week8_on_class/BCD_add_cnt/BCD_add_cnt.srcs/sources_1/new/show.v] -no_script -reset -force -quiet
remove_files  D:/my_homework/my_vivado_practice/project_practice_week8_on_class/BCD_add_cnt/BCD_add_cnt.srcs/sources_1/new/show.v
add_files -norecurse D:/my_homework/my_vivado_practice/project_practice_week10_on_class/XADC/XADC.srcs/sources_1/new/show.v
update_compile_order -fileset sources_1
update_compile_order -fileset sources_1
close [ open D:/my_homework/my_vivado_practice/project_practice_week10_on_class/XADC/XADC.srcs/sources_1/new/show_high_low.v w ]
add_files D:/my_homework/my_vivado_practice/project_practice_week10_on_class/XADC/XADC.srcs/sources_1/new/show_high_low.v
update_compile_order -fileset sources_1
update_compile_order -fileset sources_1
update_compile_order -fileset sources_1
synth_design -rtl -name rtl_1
Command: synth_design -rtl -name rtl_1
Starting synth_design
Using part: xc7a35tcsg324-1
Top: top_XADC_voltage
---------------------------------------------------------------------------------
Starting RTL Elaboration : Time (s): cpu = 00:00:03 ; elapsed = 00:00:03 . Memory (MB): peak = 904.637 ; gain = 68.285
---------------------------------------------------------------------------------
INFO: [Synth 8-6157] synthesizing module 'top_XADC_voltage' [D:/my_homework/my_vivado_practice/project_practice_week10_on_class/XADC/XADC.srcs/sources_1/new/top_XADC_voltage.v:23]
INFO: [Synth 8-6157] synthesizing module 'XADC_channel_1' [D:/my_homework/my_vivado_practice/project_practice_week10_on_class/XADC/XADC.srcs/sources_1/new/XADC_channel_1.v:23]
INFO: [Synth 8-6157] synthesizing module 'xadc_wiz_0' [D:/my_homework/my_vivado_practice/project_practice_week10_on_class/XADC/.Xil/Vivado-5460-LAPTOP-CCNJK6NK/realtime/xadc_wiz_0_stub.v:5]
INFO: [Synth 8-6155] done synthesizing module 'xadc_wiz_0' (1#1) [D:/my_homework/my_vivado_practice/project_practice_week10_on_class/XADC/.Xil/Vivado-5460-LAPTOP-CCNJK6NK/realtime/xadc_wiz_0_stub.v:5]
INFO: [Synth 8-6155] done synthesizing module 'XADC_channel_1' (2#1) [D:/my_homework/my_vivado_practice/project_practice_week10_on_class/XADC/XADC.srcs/sources_1/new/XADC_channel_1.v:23]
INFO: [Synth 8-6157] synthesizing module 'data_output' [D:/my_homework/my_vivado_practice/project_practice_week10_on_class/XADC/XADC.srcs/sources_1/new/data_output.v:23]
INFO: [Synth 8-6155] done synthesizing module 'data_output' (3#1) [D:/my_homework/my_vivado_practice/project_practice_week10_on_class/XADC/XADC.srcs/sources_1/new/data_output.v:23]
INFO: [Synth 8-6157] synthesizing module 'bin2BCD' [D:/my_homework/my_vivado_practice/project_practice_week10_on_class/XADC/XADC.srcs/sources_1/new/bin2BCD.v:23]
INFO: [Synth 8-6155] done synthesizing module 'bin2BCD' (4#1) [D:/my_homework/my_vivado_practice/project_practice_week10_on_class/XADC/XADC.srcs/sources_1/new/bin2BCD.v:23]
WARNING: [Synth 8-4446] all outputs are unconnected for this instance and logic may be removed [D:/my_homework/my_vivado_practice/project_practice_week10_on_class/XADC/XADC.srcs/sources_1/new/top_XADC_voltage.v:55]
INFO: [Synth 8-6157] synthesizing module 'show_high_low' [D:/my_homework/my_vivado_practice/project_practice_week10_on_class/XADC/XADC.srcs/sources_1/new/show_high_low.v:23]
INFO: [Synth 8-6157] synthesizing module 'show' [D:/my_homework/my_vivado_practice/project_practice_week10_on_class/XADC/XADC.srcs/sources_1/new/show.v:23]
INFO: [Synth 8-226] default block is never used [D:/my_homework/my_vivado_practice/project_practice_week10_on_class/XADC/XADC.srcs/sources_1/new/show.v:111]
INFO: [Synth 8-6155] done synthesizing module 'show' (5#1) [D:/my_homework/my_vivado_practice/project_practice_week10_on_class/XADC/XADC.srcs/sources_1/new/show.v:23]
WARNING: [Synth 8-6104] Input port 'a_to_g2' has an internal driver [D:/my_homework/my_vivado_practice/project_practice_week10_on_class/XADC/XADC.srcs/sources_1/new/show_high_low.v:36]
WARNING: [Synth 8-6104] Input port 'an2' has an internal driver [D:/my_homework/my_vivado_practice/project_practice_week10_on_class/XADC/XADC.srcs/sources_1/new/show_high_low.v:37]
WARNING: [Synth 8-6104] Input port 'a_to_g1' has an internal driver [D:/my_homework/my_vivado_practice/project_practice_week10_on_class/XADC/XADC.srcs/sources_1/new/show_high_low.v:43]
WARNING: [Synth 8-6104] Input port 'an1' has an internal driver [D:/my_homework/my_vivado_practice/project_practice_week10_on_class/XADC/XADC.srcs/sources_1/new/show_high_low.v:44]
INFO: [Synth 8-6155] done synthesizing module 'show_high_low' (6#1) [D:/my_homework/my_vivado_practice/project_practice_week10_on_class/XADC/XADC.srcs/sources_1/new/show_high_low.v:23]
WARNING: [Synth 8-3848] Net an1 in module/entity top_XADC_voltage does not have driver. [D:/my_homework/my_vivado_practice/project_practice_week10_on_class/XADC/XADC.srcs/sources_1/new/top_XADC_voltage.v:29]
WARNING: [Synth 8-3848] Net an2 in module/entity top_XADC_voltage does not have driver. [D:/my_homework/my_vivado_practice/project_practice_week10_on_class/XADC/XADC.srcs/sources_1/new/top_XADC_voltage.v:29]
WARNING: [Synth 8-3848] Net a_to_g1 in module/entity top_XADC_voltage does not have driver. [D:/my_homework/my_vivado_practice/project_practice_week10_on_class/XADC/XADC.srcs/sources_1/new/top_XADC_voltage.v:30]
WARNING: [Synth 8-3848] Net a_to_g2 in module/entity top_XADC_voltage does not have driver. [D:/my_homework/my_vivado_practice/project_practice_week10_on_class/XADC/XADC.srcs/sources_1/new/top_XADC_voltage.v:30]
INFO: [Synth 8-6155] done synthesizing module 'top_XADC_voltage' (7#1) [D:/my_homework/my_vivado_practice/project_practice_week10_on_class/XADC/XADC.srcs/sources_1/new/top_XADC_voltage.v:23]
WARNING: [Synth 8-3331] design data_output has unconnected port do_out[3]
WARNING: [Synth 8-3331] design data_output has unconnected port do_out[2]
WARNING: [Synth 8-3331] design data_output has unconnected port do_out[1]
WARNING: [Synth 8-3331] design data_output has unconnected port do_out[0]
---------------------------------------------------------------------------------
Finished RTL Elaboration : Time (s): cpu = 00:00:03 ; elapsed = 00:00:03 . Memory (MB): peak = 946.023 ; gain = 109.672
---------------------------------------------------------------------------------

Report Check Netlist: 
+------+------------------+-------+---------+-------+------------------+
|      |Item              |Errors |Warnings |Status |Description       |
+------+------------------+-------+---------+-------+------------------+
|1     |multi_driven_nets |      0|        0|Passed |Multi driven nets |
+------+------------------+-------+---------+-------+------------------+
WARNING: [Synth 8-3295] tying undriven pin top_show_high_low:an1[3] to constant 0 [D:/my_homework/my_vivado_practice/project_practice_week10_on_class/XADC/XADC.srcs/sources_1/new/top_XADC_voltage.v:55]
WARNING: [Synth 8-3295] tying undriven pin top_show_high_low:an1[2] to constant 0 [D:/my_homework/my_vivado_practice/project_practice_week10_on_class/XADC/XADC.srcs/sources_1/new/top_XADC_voltage.v:55]
WARNING: [Synth 8-3295] tying undriven pin top_show_high_low:an1[1] to constant 0 [D:/my_homework/my_vivado_practice/project_practice_week10_on_class/XADC/XADC.srcs/sources_1/new/top_XADC_voltage.v:55]
WARNING: [Synth 8-3295] tying undriven pin top_show_high_low:an1[0] to constant 0 [D:/my_homework/my_vivado_practice/project_practice_week10_on_class/XADC/XADC.srcs/sources_1/new/top_XADC_voltage.v:55]
WARNING: [Synth 8-3295] tying undriven pin top_show_high_low:an2[3] to constant 0 [D:/my_homework/my_vivado_practice/project_practice_week10_on_class/XADC/XADC.srcs/sources_1/new/top_XADC_voltage.v:55]
WARNING: [Synth 8-3295] tying undriven pin top_show_high_low:an2[2] to constant 0 [D:/my_homework/my_vivado_practice/project_practice_week10_on_class/XADC/XADC.srcs/sources_1/new/top_XADC_voltage.v:55]
WARNING: [Synth 8-3295] tying undriven pin top_show_high_low:an2[1] to constant 0 [D:/my_homework/my_vivado_practice/project_practice_week10_on_class/XADC/XADC.srcs/sources_1/new/top_XADC_voltage.v:55]
WARNING: [Synth 8-3295] tying undriven pin top_show_high_low:an2[0] to constant 0 [D:/my_homework/my_vivado_practice/project_practice_week10_on_class/XADC/XADC.srcs/sources_1/new/top_XADC_voltage.v:55]
WARNING: [Synth 8-3295] tying undriven pin top_show_high_low:a_to_g1[7] to constant 0 [D:/my_homework/my_vivado_practice/project_practice_week10_on_class/XADC/XADC.srcs/sources_1/new/top_XADC_voltage.v:55]
WARNING: [Synth 8-3295] tying undriven pin top_show_high_low:a_to_g1[6] to constant 0 [D:/my_homework/my_vivado_practice/project_practice_week10_on_class/XADC/XADC.srcs/sources_1/new/top_XADC_voltage.v:55]
WARNING: [Synth 8-3295] tying undriven pin top_show_high_low:a_to_g1[5] to constant 0 [D:/my_homework/my_vivado_practice/project_practice_week10_on_class/XADC/XADC.srcs/sources_1/new/top_XADC_voltage.v:55]
WARNING: [Synth 8-3295] tying undriven pin top_show_high_low:a_to_g1[4] to constant 0 [D:/my_homework/my_vivado_practice/project_practice_week10_on_class/XADC/XADC.srcs/sources_1/new/top_XADC_voltage.v:55]
WARNING: [Synth 8-3295] tying undriven pin top_show_high_low:a_to_g1[3] to constant 0 [D:/my_homework/my_vivado_practice/project_practice_week10_on_class/XADC/XADC.srcs/sources_1/new/top_XADC_voltage.v:55]
WARNING: [Synth 8-3295] tying undriven pin top_show_high_low:a_to_g1[2] to constant 0 [D:/my_homework/my_vivado_practice/project_practice_week10_on_class/XADC/XADC.srcs/sources_1/new/top_XADC_voltage.v:55]
WARNING: [Synth 8-3295] tying undriven pin top_show_high_low:a_to_g1[1] to constant 0 [D:/my_homework/my_vivado_practice/project_practice_week10_on_class/XADC/XADC.srcs/sources_1/new/top_XADC_voltage.v:55]
WARNING: [Synth 8-3295] tying undriven pin top_show_high_low:a_to_g1[0] to constant 0 [D:/my_homework/my_vivado_practice/project_practice_week10_on_class/XADC/XADC.srcs/sources_1/new/top_XADC_voltage.v:55]
WARNING: [Synth 8-3295] tying undriven pin top_show_high_low:a_to_g2[7] to constant 0 [D:/my_homework/my_vivado_practice/project_practice_week10_on_class/XADC/XADC.srcs/sources_1/new/top_XADC_voltage.v:55]
WARNING: [Synth 8-3295] tying undriven pin top_show_high_low:a_to_g2[6] to constant 0 [D:/my_homework/my_vivado_practice/project_practice_week10_on_class/XADC/XADC.srcs/sources_1/new/top_XADC_voltage.v:55]
WARNING: [Synth 8-3295] tying undriven pin top_show_high_low:a_to_g2[5] to constant 0 [D:/my_homework/my_vivado_practice/project_practice_week10_on_class/XADC/XADC.srcs/sources_1/new/top_XADC_voltage.v:55]
WARNING: [Synth 8-3295] tying undriven pin top_show_high_low:a_to_g2[4] to constant 0 [D:/my_homework/my_vivado_practice/project_practice_week10_on_class/XADC/XADC.srcs/sources_1/new/top_XADC_voltage.v:55]
WARNING: [Synth 8-3295] tying undriven pin top_show_high_low:a_to_g2[3] to constant 0 [D:/my_homework/my_vivado_practice/project_practice_week10_on_class/XADC/XADC.srcs/sources_1/new/top_XADC_voltage.v:55]
WARNING: [Synth 8-3295] tying undriven pin top_show_high_low:a_to_g2[2] to constant 0 [D:/my_homework/my_vivado_practice/project_practice_week10_on_class/XADC/XADC.srcs/sources_1/new/top_XADC_voltage.v:55]
WARNING: [Synth 8-3295] tying undriven pin top_show_high_low:a_to_g2[1] to constant 0 [D:/my_homework/my_vivado_practice/project_practice_week10_on_class/XADC/XADC.srcs/sources_1/new/top_XADC_voltage.v:55]
WARNING: [Synth 8-3295] tying undriven pin top_show_high_low:a_to_g2[0] to constant 0 [D:/my_homework/my_vivado_practice/project_practice_week10_on_class/XADC/XADC.srcs/sources_1/new/top_XADC_voltage.v:55]
---------------------------------------------------------------------------------
Start Handling Custom Attributes
---------------------------------------------------------------------------------
---------------------------------------------------------------------------------
Finished Handling Custom Attributes : Time (s): cpu = 00:00:03 ; elapsed = 00:00:04 . Memory (MB): peak = 946.023 ; gain = 109.672
---------------------------------------------------------------------------------
---------------------------------------------------------------------------------
Finished RTL Optimization Phase 1 : Time (s): cpu = 00:00:03 ; elapsed = 00:00:04 . Memory (MB): peak = 946.023 ; gain = 109.672
---------------------------------------------------------------------------------
INFO: [Project 1-454] Reading design checkpoint 'd:/my_homework/my_vivado_practice/project_practice_week10_on_class/XADC/XADC.srcs/sources_1/ip/xadc_wiz_0/xadc_wiz_0.dcp' for cell 'top_xadc/u1'
INFO: [Netlist 29-17] Analyzing 1 Unisim elements for replacement
INFO: [Netlist 29-28] Unisim Transformation completed in 0 CPU seconds
INFO: [Project 1-479] Netlist was created with Vivado 2018.3
INFO: [Device 21-403] Loading part xc7a35tcsg324-1
INFO: [Project 1-570] Preparing netlist for logic optimization
INFO: [Opt 31-140] Inserted 4 IBUFs to IO ports without IO buffers.

Processing XDC Constraints
Initializing timing engine
Parsing XDC File [d:/my_homework/my_vivado_practice/project_practice_week10_on_class/XADC/XADC.srcs/sources_1/ip/xadc_wiz_0/xadc_wiz_0.xdc] for cell 'top_xadc/u1/inst'
Finished Parsing XDC File [d:/my_homework/my_vivado_practice/project_practice_week10_on_class/XADC/XADC.srcs/sources_1/ip/xadc_wiz_0/xadc_wiz_0.xdc] for cell 'top_xadc/u1/inst'
Parsing XDC File [D:/my_homework/my_vivado_practice/project_practice_week10_on_class/XADC/XADC.srcs/constrs_1/new/XADC_voltage.xdc]
Finished Parsing XDC File [D:/my_homework/my_vivado_practice/project_practice_week10_on_class/XADC/XADC.srcs/constrs_1/new/XADC_voltage.xdc]
Completed Processing XDC Constraints

INFO: [Opt 31-138] Pushed 0 inverter(s) to 0 load pin(s).
Netlist sorting complete. Time (s): cpu = 00:00:00 ; elapsed = 00:00:00 . Memory (MB): peak = 1267.402 ; gain = 0.000
INFO: [Project 1-111] Unisim Transformation Summary:
No Unisim elements were transformed.

RTL Elaboration Complete:  : Time (s): cpu = 00:00:19 ; elapsed = 00:00:16 . Memory (MB): peak = 1320.055 ; gain = 483.703
24 Infos, 37 Warnings, 0 Critical Warnings and 0 Errors encountered.
synth_design completed successfully
synth_design: Time (s): cpu = 00:00:19 ; elapsed = 00:00:16 . Memory (MB): peak = 1320.055 ; gain = 483.703
close_design
synth_design -rtl -name rtl_1
Command: synth_design -rtl -name rtl_1
Starting synth_design
Using part: xc7a35tcsg324-1
Top: top_XADC_voltage
---------------------------------------------------------------------------------
Starting RTL Elaboration : Time (s): cpu = 00:00:03 ; elapsed = 00:00:03 . Memory (MB): peak = 1341.734 ; gain = 0.000
---------------------------------------------------------------------------------
INFO: [Synth 8-6157] synthesizing module 'top_XADC_voltage' [D:/my_homework/my_vivado_practice/project_practice_week10_on_class/XADC/XADC.srcs/sources_1/new/top_XADC_voltage.v:23]
INFO: [Synth 8-6157] synthesizing module 'XADC_channel_1' [D:/my_homework/my_vivado_practice/project_practice_week10_on_class/XADC/XADC.srcs/sources_1/new/XADC_channel_1.v:23]
INFO: [Synth 8-6157] synthesizing module 'xadc_wiz_0' [D:/my_homework/my_vivado_practice/project_practice_week10_on_class/XADC/.Xil/Vivado-5460-LAPTOP-CCNJK6NK/realtime/xadc_wiz_0_stub.v:5]
INFO: [Synth 8-6155] done synthesizing module 'xadc_wiz_0' (1#1) [D:/my_homework/my_vivado_practice/project_practice_week10_on_class/XADC/.Xil/Vivado-5460-LAPTOP-CCNJK6NK/realtime/xadc_wiz_0_stub.v:5]
INFO: [Synth 8-6155] done synthesizing module 'XADC_channel_1' (2#1) [D:/my_homework/my_vivado_practice/project_practice_week10_on_class/XADC/XADC.srcs/sources_1/new/XADC_channel_1.v:23]
INFO: [Synth 8-6157] synthesizing module 'data_output' [D:/my_homework/my_vivado_practice/project_practice_week10_on_class/XADC/XADC.srcs/sources_1/new/data_output.v:23]
INFO: [Synth 8-6155] done synthesizing module 'data_output' (3#1) [D:/my_homework/my_vivado_practice/project_practice_week10_on_class/XADC/XADC.srcs/sources_1/new/data_output.v:23]
INFO: [Synth 8-6157] synthesizing module 'bin2BCD' [D:/my_homework/my_vivado_practice/project_practice_week10_on_class/XADC/XADC.srcs/sources_1/new/bin2BCD.v:23]
INFO: [Synth 8-6155] done synthesizing module 'bin2BCD' (4#1) [D:/my_homework/my_vivado_practice/project_practice_week10_on_class/XADC/XADC.srcs/sources_1/new/bin2BCD.v:23]
WARNING: [Synth 8-4446] all outputs are unconnected for this instance and logic may be removed [D:/my_homework/my_vivado_practice/project_practice_week10_on_class/XADC/XADC.srcs/sources_1/new/top_XADC_voltage.v:55]
INFO: [Synth 8-6157] synthesizing module 'show_high_low' [D:/my_homework/my_vivado_practice/project_practice_week10_on_class/XADC/XADC.srcs/sources_1/new/show_high_low.v:23]
INFO: [Synth 8-6157] synthesizing module 'show' [D:/my_homework/my_vivado_practice/project_practice_week10_on_class/XADC/XADC.srcs/sources_1/new/show.v:23]
INFO: [Synth 8-226] default block is never used [D:/my_homework/my_vivado_practice/project_practice_week10_on_class/XADC/XADC.srcs/sources_1/new/show.v:111]
INFO: [Synth 8-6155] done synthesizing module 'show' (5#1) [D:/my_homework/my_vivado_practice/project_practice_week10_on_class/XADC/XADC.srcs/sources_1/new/show.v:23]
WARNING: [Synth 8-6104] Input port 'a_to_g2' has an internal driver [D:/my_homework/my_vivado_practice/project_practice_week10_on_class/XADC/XADC.srcs/sources_1/new/show_high_low.v:36]
WARNING: [Synth 8-6104] Input port 'an2' has an internal driver [D:/my_homework/my_vivado_practice/project_practice_week10_on_class/XADC/XADC.srcs/sources_1/new/show_high_low.v:37]
WARNING: [Synth 8-6104] Input port 'a_to_g1' has an internal driver [D:/my_homework/my_vivado_practice/project_practice_week10_on_class/XADC/XADC.srcs/sources_1/new/show_high_low.v:43]
WARNING: [Synth 8-6104] Input port 'an1' has an internal driver [D:/my_homework/my_vivado_practice/project_practice_week10_on_class/XADC/XADC.srcs/sources_1/new/show_high_low.v:44]
INFO: [Synth 8-6155] done synthesizing module 'show_high_low' (6#1) [D:/my_homework/my_vivado_practice/project_practice_week10_on_class/XADC/XADC.srcs/sources_1/new/show_high_low.v:23]
WARNING: [Synth 8-3848] Net an1 in module/entity top_XADC_voltage does not have driver. [D:/my_homework/my_vivado_practice/project_practice_week10_on_class/XADC/XADC.srcs/sources_1/new/top_XADC_voltage.v:29]
WARNING: [Synth 8-3848] Net an2 in module/entity top_XADC_voltage does not have driver. [D:/my_homework/my_vivado_practice/project_practice_week10_on_class/XADC/XADC.srcs/sources_1/new/top_XADC_voltage.v:29]
WARNING: [Synth 8-3848] Net a_to_g1 in module/entity top_XADC_voltage does not have driver. [D:/my_homework/my_vivado_practice/project_practice_week10_on_class/XADC/XADC.srcs/sources_1/new/top_XADC_voltage.v:30]
WARNING: [Synth 8-3848] Net a_to_g2 in module/entity top_XADC_voltage does not have driver. [D:/my_homework/my_vivado_practice/project_practice_week10_on_class/XADC/XADC.srcs/sources_1/new/top_XADC_voltage.v:30]
INFO: [Synth 8-6155] done synthesizing module 'top_XADC_voltage' (7#1) [D:/my_homework/my_vivado_practice/project_practice_week10_on_class/XADC/XADC.srcs/sources_1/new/top_XADC_voltage.v:23]
WARNING: [Synth 8-3331] design data_output has unconnected port do_out[3]
WARNING: [Synth 8-3331] design data_output has unconnected port do_out[2]
WARNING: [Synth 8-3331] design data_output has unconnected port do_out[1]
WARNING: [Synth 8-3331] design data_output has unconnected port do_out[0]
---------------------------------------------------------------------------------
Finished RTL Elaboration : Time (s): cpu = 00:00:03 ; elapsed = 00:00:04 . Memory (MB): peak = 1341.734 ; gain = 0.000
---------------------------------------------------------------------------------

Report Check Netlist: 
+------+------------------+-------+---------+-------+------------------+
|      |Item              |Errors |Warnings |Status |Description       |
+------+------------------+-------+---------+-------+------------------+
|1     |multi_driven_nets |      0|        0|Passed |Multi driven nets |
+------+------------------+-------+---------+-------+------------------+
WARNING: [Synth 8-3295] tying undriven pin top_show_high_low:an1[3] to constant 0 [D:/my_homework/my_vivado_practice/project_practice_week10_on_class/XADC/XADC.srcs/sources_1/new/top_XADC_voltage.v:55]
WARNING: [Synth 8-3295] tying undriven pin top_show_high_low:an1[2] to constant 0 [D:/my_homework/my_vivado_practice/project_practice_week10_on_class/XADC/XADC.srcs/sources_1/new/top_XADC_voltage.v:55]
WARNING: [Synth 8-3295] tying undriven pin top_show_high_low:an1[1] to constant 0 [D:/my_homework/my_vivado_practice/project_practice_week10_on_class/XADC/XADC.srcs/sources_1/new/top_XADC_voltage.v:55]
WARNING: [Synth 8-3295] tying undriven pin top_show_high_low:an1[0] to constant 0 [D:/my_homework/my_vivado_practice/project_practice_week10_on_class/XADC/XADC.srcs/sources_1/new/top_XADC_voltage.v:55]
WARNING: [Synth 8-3295] tying undriven pin top_show_high_low:an2[3] to constant 0 [D:/my_homework/my_vivado_practice/project_practice_week10_on_class/XADC/XADC.srcs/sources_1/new/top_XADC_voltage.v:55]
WARNING: [Synth 8-3295] tying undriven pin top_show_high_low:an2[2] to constant 0 [D:/my_homework/my_vivado_practice/project_practice_week10_on_class/XADC/XADC.srcs/sources_1/new/top_XADC_voltage.v:55]
WARNING: [Synth 8-3295] tying undriven pin top_show_high_low:an2[1] to constant 0 [D:/my_homework/my_vivado_practice/project_practice_week10_on_class/XADC/XADC.srcs/sources_1/new/top_XADC_voltage.v:55]
WARNING: [Synth 8-3295] tying undriven pin top_show_high_low:an2[0] to constant 0 [D:/my_homework/my_vivado_practice/project_practice_week10_on_class/XADC/XADC.srcs/sources_1/new/top_XADC_voltage.v:55]
WARNING: [Synth 8-3295] tying undriven pin top_show_high_low:a_to_g1[7] to constant 0 [D:/my_homework/my_vivado_practice/project_practice_week10_on_class/XADC/XADC.srcs/sources_1/new/top_XADC_voltage.v:55]
WARNING: [Synth 8-3295] tying undriven pin top_show_high_low:a_to_g1[6] to constant 0 [D:/my_homework/my_vivado_practice/project_practice_week10_on_class/XADC/XADC.srcs/sources_1/new/top_XADC_voltage.v:55]
WARNING: [Synth 8-3295] tying undriven pin top_show_high_low:a_to_g1[5] to constant 0 [D:/my_homework/my_vivado_practice/project_practice_week10_on_class/XADC/XADC.srcs/sources_1/new/top_XADC_voltage.v:55]
WARNING: [Synth 8-3295] tying undriven pin top_show_high_low:a_to_g1[4] to constant 0 [D:/my_homework/my_vivado_practice/project_practice_week10_on_class/XADC/XADC.srcs/sources_1/new/top_XADC_voltage.v:55]
WARNING: [Synth 8-3295] tying undriven pin top_show_high_low:a_to_g1[3] to constant 0 [D:/my_homework/my_vivado_practice/project_practice_week10_on_class/XADC/XADC.srcs/sources_1/new/top_XADC_voltage.v:55]
WARNING: [Synth 8-3295] tying undriven pin top_show_high_low:a_to_g1[2] to constant 0 [D:/my_homework/my_vivado_practice/project_practice_week10_on_class/XADC/XADC.srcs/sources_1/new/top_XADC_voltage.v:55]
WARNING: [Synth 8-3295] tying undriven pin top_show_high_low:a_to_g1[1] to constant 0 [D:/my_homework/my_vivado_practice/project_practice_week10_on_class/XADC/XADC.srcs/sources_1/new/top_XADC_voltage.v:55]
WARNING: [Synth 8-3295] tying undriven pin top_show_high_low:a_to_g1[0] to constant 0 [D:/my_homework/my_vivado_practice/project_practice_week10_on_class/XADC/XADC.srcs/sources_1/new/top_XADC_voltage.v:55]
WARNING: [Synth 8-3295] tying undriven pin top_show_high_low:a_to_g2[7] to constant 0 [D:/my_homework/my_vivado_practice/project_practice_week10_on_class/XADC/XADC.srcs/sources_1/new/top_XADC_voltage.v:55]
WARNING: [Synth 8-3295] tying undriven pin top_show_high_low:a_to_g2[6] to constant 0 [D:/my_homework/my_vivado_practice/project_practice_week10_on_class/XADC/XADC.srcs/sources_1/new/top_XADC_voltage.v:55]
WARNING: [Synth 8-3295] tying undriven pin top_show_high_low:a_to_g2[5] to constant 0 [D:/my_homework/my_vivado_practice/project_practice_week10_on_class/XADC/XADC.srcs/sources_1/new/top_XADC_voltage.v:55]
WARNING: [Synth 8-3295] tying undriven pin top_show_high_low:a_to_g2[4] to constant 0 [D:/my_homework/my_vivado_practice/project_practice_week10_on_class/XADC/XADC.srcs/sources_1/new/top_XADC_voltage.v:55]
WARNING: [Synth 8-3295] tying undriven pin top_show_high_low:a_to_g2[3] to constant 0 [D:/my_homework/my_vivado_practice/project_practice_week10_on_class/XADC/XADC.srcs/sources_1/new/top_XADC_voltage.v:55]
WARNING: [Synth 8-3295] tying undriven pin top_show_high_low:a_to_g2[2] to constant 0 [D:/my_homework/my_vivado_practice/project_practice_week10_on_class/XADC/XADC.srcs/sources_1/new/top_XADC_voltage.v:55]
WARNING: [Synth 8-3295] tying undriven pin top_show_high_low:a_to_g2[1] to constant 0 [D:/my_homework/my_vivado_practice/project_practice_week10_on_class/XADC/XADC.srcs/sources_1/new/top_XADC_voltage.v:55]
WARNING: [Synth 8-3295] tying undriven pin top_show_high_low:a_to_g2[0] to constant 0 [D:/my_homework/my_vivado_practice/project_practice_week10_on_class/XADC/XADC.srcs/sources_1/new/top_XADC_voltage.v:55]
---------------------------------------------------------------------------------
Start Handling Custom Attributes
---------------------------------------------------------------------------------
---------------------------------------------------------------------------------
Finished Handling Custom Attributes : Time (s): cpu = 00:00:03 ; elapsed = 00:00:04 . Memory (MB): peak = 1341.734 ; gain = 0.000
---------------------------------------------------------------------------------
---------------------------------------------------------------------------------
Finished RTL Optimization Phase 1 : Time (s): cpu = 00:00:03 ; elapsed = 00:00:04 . Memory (MB): peak = 1341.734 ; gain = 0.000
---------------------------------------------------------------------------------
INFO: [Project 1-454] Reading design checkpoint 'd:/my_homework/my_vivado_practice/project_practice_week10_on_class/XADC/XADC.srcs/sources_1/ip/xadc_wiz_0/xadc_wiz_0.dcp' for cell 'top_xadc/u1'
INFO: [Netlist 29-17] Analyzing 1 Unisim elements for replacement
INFO: [Netlist 29-28] Unisim Transformation completed in 0 CPU seconds
INFO: [Project 1-479] Netlist was created with Vivado 2018.3
INFO: [Project 1-570] Preparing netlist for logic optimization
INFO: [Opt 31-140] Inserted 4 IBUFs to IO ports without IO buffers.

Processing XDC Constraints
Initializing timing engine
Parsing XDC File [d:/my_homework/my_vivado_practice/project_practice_week10_on_class/XADC/XADC.srcs/sources_1/ip/xadc_wiz_0/xadc_wiz_0.xdc] for cell 'top_xadc/u1/inst'
Finished Parsing XDC File [d:/my_homework/my_vivado_practice/project_practice_week10_on_class/XADC/XADC.srcs/sources_1/ip/xadc_wiz_0/xadc_wiz_0.xdc] for cell 'top_xadc/u1/inst'
Parsing XDC File [D:/my_homework/my_vivado_practice/project_practice_week10_on_class/XADC/XADC.srcs/constrs_1/new/XADC_voltage.xdc]
Finished Parsing XDC File [D:/my_homework/my_vivado_practice/project_practice_week10_on_class/XADC/XADC.srcs/constrs_1/new/XADC_voltage.xdc]
Completed Processing XDC Constraints

INFO: [Opt 31-138] Pushed 0 inverter(s) to 0 load pin(s).
Netlist sorting complete. Time (s): cpu = 00:00:00 ; elapsed = 00:00:00 . Memory (MB): peak = 1352.078 ; gain = 0.000
INFO: [Project 1-111] Unisim Transformation Summary:
No Unisim elements were transformed.

RTL Elaboration Complete:  : Time (s): cpu = 00:00:08 ; elapsed = 00:00:08 . Memory (MB): peak = 1395.238 ; gain = 53.504
23 Infos, 37 Warnings, 0 Critical Warnings and 0 Errors encountered.
synth_design completed successfully
synth_design: Time (s): cpu = 00:00:08 ; elapsed = 00:00:08 . Memory (MB): peak = 1395.238 ; gain = 53.504
reset_run synth_1
launch_runs synth_1 -jobs 4
[Wed May  1 16:44:01 2024] Launched synth_1...
Run output will be captured here: D:/my_homework/my_vivado_practice/project_practice_week10_on_class/XADC/XADC.runs/synth_1/runme.log
launch_runs impl_1 -jobs 4
[Wed May  1 16:44:56 2024] Launched impl_1...
Run output will be captured here: D:/my_homework/my_vivado_practice/project_practice_week10_on_class/XADC/XADC.runs/impl_1/runme.log
launch_runs impl_1 -to_step write_bitstream -jobs 4
[Wed May  1 16:46:27 2024] Launched impl_1...
Run output will be captured here: D:/my_homework/my_vivado_practice/project_practice_week10_on_class/XADC/XADC.runs/impl_1/runme.log
open_hw
connect_hw_server
INFO: [Labtools 27-2285] Connecting to hw_server url TCP:localhost:3121
INFO: [Labtools 27-2222] Launching hw_server...
INFO: [Labtools 27-2221] Launch Output:

****** Xilinx hw_server v2018.3
  **** Build date : Dec  7 2018-00:40:27
    ** Copyright 1986-2018 Xilinx, Inc. All Rights Reserved.


open_hw_target
INFO: [Labtoolstcl 44-466] Opening hw_target localhost:3121/xilinx_tcf/Xilinx/1234-tulA
set_property PROGRAM.FILE {D:/my_homework/my_vivado_practice/project_practice_week10_on_class/XADC/XADC.runs/impl_1/top_XADC_voltage.bit} [get_hw_devices xc7a35t_0]
current_hw_device [get_hw_devices xc7a35t_0]
refresh_hw_device -update_hw_probes false [lindex [get_hw_devices xc7a35t_0] 0]
INFO: [Labtools 27-1434] Device xc7a35t (JTAG device index = 0) is programmed with a design that has no supported debug core(s) in it.
set_property PROBES.FILE {} [get_hw_devices xc7a35t_0]
set_property FULL_PROBES.FILE {} [get_hw_devices xc7a35t_0]
set_property PROGRAM.FILE {D:/my_homework/my_vivado_practice/project_practice_week10_on_class/XADC/XADC.runs/impl_1/top_XADC_voltage.bit} [get_hw_devices xc7a35t_0]
program_hw_devices [get_hw_devices xc7a35t_0]
INFO: [Labtools 27-3164] End of startup status: HIGH
refresh_hw_device [lindex [get_hw_devices xc7a35t_0] 0]
INFO: [Labtools 27-1434] Device xc7a35t (JTAG device index = 0) is programmed with a design that has no supported debug core(s) in it.
close_hw
close_design
synth_design -rtl -name rtl_1
Command: synth_design -rtl -name rtl_1
Starting synth_design
Using part: xc7a35tcsg324-1
Top: top_XADC_voltage
---------------------------------------------------------------------------------
Starting RTL Elaboration : Time (s): cpu = 00:00:02 ; elapsed = 00:00:03 . Memory (MB): peak = 2876.500 ; gain = 336.383
---------------------------------------------------------------------------------
INFO: [Synth 8-6157] synthesizing module 'top_XADC_voltage' [D:/my_homework/my_vivado_practice/project_practice_week10_on_class/XADC/XADC.srcs/sources_1/new/top_XADC_voltage.v:23]
INFO: [Synth 8-6157] synthesizing module 'XADC_channel_1' [D:/my_homework/my_vivado_practice/project_practice_week10_on_class/XADC/XADC.srcs/sources_1/new/XADC_channel_1.v:23]
INFO: [Synth 8-6157] synthesizing module 'xadc_wiz_0' [D:/my_homework/my_vivado_practice/project_practice_week10_on_class/XADC/.Xil/Vivado-5460-LAPTOP-CCNJK6NK/realtime/xadc_wiz_0_stub.v:5]
INFO: [Synth 8-6155] done synthesizing module 'xadc_wiz_0' (1#1) [D:/my_homework/my_vivado_practice/project_practice_week10_on_class/XADC/.Xil/Vivado-5460-LAPTOP-CCNJK6NK/realtime/xadc_wiz_0_stub.v:5]
INFO: [Synth 8-6155] done synthesizing module 'XADC_channel_1' (2#1) [D:/my_homework/my_vivado_practice/project_practice_week10_on_class/XADC/XADC.srcs/sources_1/new/XADC_channel_1.v:23]
INFO: [Synth 8-6157] synthesizing module 'data_output' [D:/my_homework/my_vivado_practice/project_practice_week10_on_class/XADC/XADC.srcs/sources_1/new/data_output.v:23]
INFO: [Synth 8-6155] done synthesizing module 'data_output' (3#1) [D:/my_homework/my_vivado_practice/project_practice_week10_on_class/XADC/XADC.srcs/sources_1/new/data_output.v:23]
INFO: [Synth 8-6157] synthesizing module 'bin2BCD' [D:/my_homework/my_vivado_practice/project_practice_week10_on_class/XADC/XADC.srcs/sources_1/new/bin2BCD.v:23]
INFO: [Synth 8-6155] done synthesizing module 'bin2BCD' (4#1) [D:/my_homework/my_vivado_practice/project_practice_week10_on_class/XADC/XADC.srcs/sources_1/new/bin2BCD.v:23]
WARNING: [Synth 8-4446] all outputs are unconnected for this instance and logic may be removed [D:/my_homework/my_vivado_practice/project_practice_week10_on_class/XADC/XADC.srcs/sources_1/new/top_XADC_voltage.v:55]
INFO: [Synth 8-6157] synthesizing module 'show_high_low' [D:/my_homework/my_vivado_practice/project_practice_week10_on_class/XADC/XADC.srcs/sources_1/new/show_high_low.v:23]
INFO: [Synth 8-6157] synthesizing module 'show' [D:/my_homework/my_vivado_practice/project_practice_week10_on_class/XADC/XADC.srcs/sources_1/new/show.v:23]
INFO: [Synth 8-226] default block is never used [D:/my_homework/my_vivado_practice/project_practice_week10_on_class/XADC/XADC.srcs/sources_1/new/show.v:111]
INFO: [Synth 8-6155] done synthesizing module 'show' (5#1) [D:/my_homework/my_vivado_practice/project_practice_week10_on_class/XADC/XADC.srcs/sources_1/new/show.v:23]
WARNING: [Synth 8-6104] Input port 'a_to_g2' has an internal driver [D:/my_homework/my_vivado_practice/project_practice_week10_on_class/XADC/XADC.srcs/sources_1/new/show_high_low.v:36]
WARNING: [Synth 8-6104] Input port 'an2' has an internal driver [D:/my_homework/my_vivado_practice/project_practice_week10_on_class/XADC/XADC.srcs/sources_1/new/show_high_low.v:37]
WARNING: [Synth 8-6104] Input port 'a_to_g1' has an internal driver [D:/my_homework/my_vivado_practice/project_practice_week10_on_class/XADC/XADC.srcs/sources_1/new/show_high_low.v:43]
WARNING: [Synth 8-6104] Input port 'an1' has an internal driver [D:/my_homework/my_vivado_practice/project_practice_week10_on_class/XADC/XADC.srcs/sources_1/new/show_high_low.v:44]
INFO: [Synth 8-6155] done synthesizing module 'show_high_low' (6#1) [D:/my_homework/my_vivado_practice/project_practice_week10_on_class/XADC/XADC.srcs/sources_1/new/show_high_low.v:23]
WARNING: [Synth 8-3848] Net an1 in module/entity top_XADC_voltage does not have driver. [D:/my_homework/my_vivado_practice/project_practice_week10_on_class/XADC/XADC.srcs/sources_1/new/top_XADC_voltage.v:29]
WARNING: [Synth 8-3848] Net an2 in module/entity top_XADC_voltage does not have driver. [D:/my_homework/my_vivado_practice/project_practice_week10_on_class/XADC/XADC.srcs/sources_1/new/top_XADC_voltage.v:29]
WARNING: [Synth 8-3848] Net a_to_g1 in module/entity top_XADC_voltage does not have driver. [D:/my_homework/my_vivado_practice/project_practice_week10_on_class/XADC/XADC.srcs/sources_1/new/top_XADC_voltage.v:30]
WARNING: [Synth 8-3848] Net a_to_g2 in module/entity top_XADC_voltage does not have driver. [D:/my_homework/my_vivado_practice/project_practice_week10_on_class/XADC/XADC.srcs/sources_1/new/top_XADC_voltage.v:30]
INFO: [Synth 8-6155] done synthesizing module 'top_XADC_voltage' (7#1) [D:/my_homework/my_vivado_practice/project_practice_week10_on_class/XADC/XADC.srcs/sources_1/new/top_XADC_voltage.v:23]
WARNING: [Synth 8-3331] design data_output has unconnected port do_out[3]
WARNING: [Synth 8-3331] design data_output has unconnected port do_out[2]
WARNING: [Synth 8-3331] design data_output has unconnected port do_out[1]
WARNING: [Synth 8-3331] design data_output has unconnected port do_out[0]
---------------------------------------------------------------------------------
Finished RTL Elaboration : Time (s): cpu = 00:00:02 ; elapsed = 00:00:04 . Memory (MB): peak = 2878.680 ; gain = 338.562
---------------------------------------------------------------------------------

Report Check Netlist: 
+------+------------------+-------+---------+-------+------------------+
|      |Item              |Errors |Warnings |Status |Description       |
+------+------------------+-------+---------+-------+------------------+
|1     |multi_driven_nets |      0|        0|Passed |Multi driven nets |
+------+------------------+-------+---------+-------+------------------+
WARNING: [Synth 8-3295] tying undriven pin top_show_high_low:an1[3] to constant 0 [D:/my_homework/my_vivado_practice/project_practice_week10_on_class/XADC/XADC.srcs/sources_1/new/top_XADC_voltage.v:55]
WARNING: [Synth 8-3295] tying undriven pin top_show_high_low:an1[2] to constant 0 [D:/my_homework/my_vivado_practice/project_practice_week10_on_class/XADC/XADC.srcs/sources_1/new/top_XADC_voltage.v:55]
WARNING: [Synth 8-3295] tying undriven pin top_show_high_low:an1[1] to constant 0 [D:/my_homework/my_vivado_practice/project_practice_week10_on_class/XADC/XADC.srcs/sources_1/new/top_XADC_voltage.v:55]
WARNING: [Synth 8-3295] tying undriven pin top_show_high_low:an1[0] to constant 0 [D:/my_homework/my_vivado_practice/project_practice_week10_on_class/XADC/XADC.srcs/sources_1/new/top_XADC_voltage.v:55]
WARNING: [Synth 8-3295] tying undriven pin top_show_high_low:an2[3] to constant 0 [D:/my_homework/my_vivado_practice/project_practice_week10_on_class/XADC/XADC.srcs/sources_1/new/top_XADC_voltage.v:55]
WARNING: [Synth 8-3295] tying undriven pin top_show_high_low:an2[2] to constant 0 [D:/my_homework/my_vivado_practice/project_practice_week10_on_class/XADC/XADC.srcs/sources_1/new/top_XADC_voltage.v:55]
WARNING: [Synth 8-3295] tying undriven pin top_show_high_low:an2[1] to constant 0 [D:/my_homework/my_vivado_practice/project_practice_week10_on_class/XADC/XADC.srcs/sources_1/new/top_XADC_voltage.v:55]
WARNING: [Synth 8-3295] tying undriven pin top_show_high_low:an2[0] to constant 0 [D:/my_homework/my_vivado_practice/project_practice_week10_on_class/XADC/XADC.srcs/sources_1/new/top_XADC_voltage.v:55]
WARNING: [Synth 8-3295] tying undriven pin top_show_high_low:a_to_g1[7] to constant 0 [D:/my_homework/my_vivado_practice/project_practice_week10_on_class/XADC/XADC.srcs/sources_1/new/top_XADC_voltage.v:55]
WARNING: [Synth 8-3295] tying undriven pin top_show_high_low:a_to_g1[6] to constant 0 [D:/my_homework/my_vivado_practice/project_practice_week10_on_class/XADC/XADC.srcs/sources_1/new/top_XADC_voltage.v:55]
WARNING: [Synth 8-3295] tying undriven pin top_show_high_low:a_to_g1[5] to constant 0 [D:/my_homework/my_vivado_practice/project_practice_week10_on_class/XADC/XADC.srcs/sources_1/new/top_XADC_voltage.v:55]
WARNING: [Synth 8-3295] tying undriven pin top_show_high_low:a_to_g1[4] to constant 0 [D:/my_homework/my_vivado_practice/project_practice_week10_on_class/XADC/XADC.srcs/sources_1/new/top_XADC_voltage.v:55]
WARNING: [Synth 8-3295] tying undriven pin top_show_high_low:a_to_g1[3] to constant 0 [D:/my_homework/my_vivado_practice/project_practice_week10_on_class/XADC/XADC.srcs/sources_1/new/top_XADC_voltage.v:55]
WARNING: [Synth 8-3295] tying undriven pin top_show_high_low:a_to_g1[2] to constant 0 [D:/my_homework/my_vivado_practice/project_practice_week10_on_class/XADC/XADC.srcs/sources_1/new/top_XADC_voltage.v:55]
WARNING: [Synth 8-3295] tying undriven pin top_show_high_low:a_to_g1[1] to constant 0 [D:/my_homework/my_vivado_practice/project_practice_week10_on_class/XADC/XADC.srcs/sources_1/new/top_XADC_voltage.v:55]
WARNING: [Synth 8-3295] tying undriven pin top_show_high_low:a_to_g1[0] to constant 0 [D:/my_homework/my_vivado_practice/project_practice_week10_on_class/XADC/XADC.srcs/sources_1/new/top_XADC_voltage.v:55]
WARNING: [Synth 8-3295] tying undriven pin top_show_high_low:a_to_g2[7] to constant 0 [D:/my_homework/my_vivado_practice/project_practice_week10_on_class/XADC/XADC.srcs/sources_1/new/top_XADC_voltage.v:55]
WARNING: [Synth 8-3295] tying undriven pin top_show_high_low:a_to_g2[6] to constant 0 [D:/my_homework/my_vivado_practice/project_practice_week10_on_class/XADC/XADC.srcs/sources_1/new/top_XADC_voltage.v:55]
WARNING: [Synth 8-3295] tying undriven pin top_show_high_low:a_to_g2[5] to constant 0 [D:/my_homework/my_vivado_practice/project_practice_week10_on_class/XADC/XADC.srcs/sources_1/new/top_XADC_voltage.v:55]
WARNING: [Synth 8-3295] tying undriven pin top_show_high_low:a_to_g2[4] to constant 0 [D:/my_homework/my_vivado_practice/project_practice_week10_on_class/XADC/XADC.srcs/sources_1/new/top_XADC_voltage.v:55]
WARNING: [Synth 8-3295] tying undriven pin top_show_high_low:a_to_g2[3] to constant 0 [D:/my_homework/my_vivado_practice/project_practice_week10_on_class/XADC/XADC.srcs/sources_1/new/top_XADC_voltage.v:55]
WARNING: [Synth 8-3295] tying undriven pin top_show_high_low:a_to_g2[2] to constant 0 [D:/my_homework/my_vivado_practice/project_practice_week10_on_class/XADC/XADC.srcs/sources_1/new/top_XADC_voltage.v:55]
WARNING: [Synth 8-3295] tying undriven pin top_show_high_low:a_to_g2[1] to constant 0 [D:/my_homework/my_vivado_practice/project_practice_week10_on_class/XADC/XADC.srcs/sources_1/new/top_XADC_voltage.v:55]
WARNING: [Synth 8-3295] tying undriven pin top_show_high_low:a_to_g2[0] to constant 0 [D:/my_homework/my_vivado_practice/project_practice_week10_on_class/XADC/XADC.srcs/sources_1/new/top_XADC_voltage.v:55]
---------------------------------------------------------------------------------
Start Handling Custom Attributes
---------------------------------------------------------------------------------
---------------------------------------------------------------------------------
Finished Handling Custom Attributes : Time (s): cpu = 00:00:03 ; elapsed = 00:00:04 . Memory (MB): peak = 2878.680 ; gain = 338.562
---------------------------------------------------------------------------------
---------------------------------------------------------------------------------
Finished RTL Optimization Phase 1 : Time (s): cpu = 00:00:03 ; elapsed = 00:00:04 . Memory (MB): peak = 2878.680 ; gain = 338.562
---------------------------------------------------------------------------------
INFO: [Project 1-454] Reading design checkpoint 'd:/my_homework/my_vivado_practice/project_practice_week10_on_class/XADC/XADC.srcs/sources_1/ip/xadc_wiz_0/xadc_wiz_0.dcp' for cell 'top_xadc/u1'
INFO: [Netlist 29-17] Analyzing 1 Unisim elements for replacement
INFO: [Netlist 29-28] Unisim Transformation completed in 0 CPU seconds
INFO: [Project 1-479] Netlist was created with Vivado 2018.3
INFO: [Project 1-570] Preparing netlist for logic optimization
INFO: [Opt 31-140] Inserted 4 IBUFs to IO ports without IO buffers.

Processing XDC Constraints
Initializing timing engine
Parsing XDC File [d:/my_homework/my_vivado_practice/project_practice_week10_on_class/XADC/XADC.srcs/sources_1/ip/xadc_wiz_0/xadc_wiz_0.xdc] for cell 'top_xadc/u1/inst'
Finished Parsing XDC File [d:/my_homework/my_vivado_practice/project_practice_week10_on_class/XADC/XADC.srcs/sources_1/ip/xadc_wiz_0/xadc_wiz_0.xdc] for cell 'top_xadc/u1/inst'
Parsing XDC File [D:/my_homework/my_vivado_practice/project_practice_week10_on_class/XADC/XADC.srcs/constrs_1/new/XADC_voltage.xdc]
Finished Parsing XDC File [D:/my_homework/my_vivado_practice/project_practice_week10_on_class/XADC/XADC.srcs/constrs_1/new/XADC_voltage.xdc]
Completed Processing XDC Constraints

INFO: [Opt 31-138] Pushed 0 inverter(s) to 0 load pin(s).
Netlist sorting complete. Time (s): cpu = 00:00:00 ; elapsed = 00:00:00 . Memory (MB): peak = 2979.473 ; gain = 0.000
INFO: [Project 1-111] Unisim Transformation Summary:
No Unisim elements were transformed.

RTL Elaboration Complete:  : Time (s): cpu = 00:00:06 ; elapsed = 00:00:07 . Memory (MB): peak = 2979.473 ; gain = 439.355
23 Infos, 37 Warnings, 0 Critical Warnings and 0 Errors encountered.
synth_design completed successfully
synth_design: Time (s): cpu = 00:00:06 ; elapsed = 00:00:08 . Memory (MB): peak = 2979.473 ; gain = 439.355
close_design
synth_design -rtl -name rtl_1
Command: synth_design -rtl -name rtl_1
Starting synth_design
Using part: xc7a35tcsg324-1
Top: top_XADC_voltage
---------------------------------------------------------------------------------
Starting RTL Elaboration : Time (s): cpu = 00:00:03 ; elapsed = 00:00:03 . Memory (MB): peak = 2979.473 ; gain = 0.000
---------------------------------------------------------------------------------
INFO: [Synth 8-6157] synthesizing module 'top_XADC_voltage' [D:/my_homework/my_vivado_practice/project_practice_week10_on_class/XADC/XADC.srcs/sources_1/new/top_XADC_voltage.v:23]
INFO: [Synth 8-6157] synthesizing module 'XADC_channel_1' [D:/my_homework/my_vivado_practice/project_practice_week10_on_class/XADC/XADC.srcs/sources_1/new/XADC_channel_1.v:23]
INFO: [Synth 8-6157] synthesizing module 'xadc_wiz_0' [D:/my_homework/my_vivado_practice/project_practice_week10_on_class/XADC/.Xil/Vivado-5460-LAPTOP-CCNJK6NK/realtime/xadc_wiz_0_stub.v:5]
INFO: [Synth 8-6155] done synthesizing module 'xadc_wiz_0' (1#1) [D:/my_homework/my_vivado_practice/project_practice_week10_on_class/XADC/.Xil/Vivado-5460-LAPTOP-CCNJK6NK/realtime/xadc_wiz_0_stub.v:5]
INFO: [Synth 8-6155] done synthesizing module 'XADC_channel_1' (2#1) [D:/my_homework/my_vivado_practice/project_practice_week10_on_class/XADC/XADC.srcs/sources_1/new/XADC_channel_1.v:23]
INFO: [Synth 8-6157] synthesizing module 'data_output' [D:/my_homework/my_vivado_practice/project_practice_week10_on_class/XADC/XADC.srcs/sources_1/new/data_output.v:23]
INFO: [Synth 8-6155] done synthesizing module 'data_output' (3#1) [D:/my_homework/my_vivado_practice/project_practice_week10_on_class/XADC/XADC.srcs/sources_1/new/data_output.v:23]
INFO: [Synth 8-6157] synthesizing module 'bin2BCD' [D:/my_homework/my_vivado_practice/project_practice_week10_on_class/XADC/XADC.srcs/sources_1/new/bin2BCD.v:23]
INFO: [Synth 8-6155] done synthesizing module 'bin2BCD' (4#1) [D:/my_homework/my_vivado_practice/project_practice_week10_on_class/XADC/XADC.srcs/sources_1/new/bin2BCD.v:23]
WARNING: [Synth 8-4446] all outputs are unconnected for this instance and logic may be removed [D:/my_homework/my_vivado_practice/project_practice_week10_on_class/XADC/XADC.srcs/sources_1/new/top_XADC_voltage.v:55]
INFO: [Synth 8-6157] synthesizing module 'show_high_low' [D:/my_homework/my_vivado_practice/project_practice_week10_on_class/XADC/XADC.srcs/sources_1/new/show_high_low.v:23]
INFO: [Synth 8-6157] synthesizing module 'show' [D:/my_homework/my_vivado_practice/project_practice_week10_on_class/XADC/XADC.srcs/sources_1/new/show.v:23]
INFO: [Synth 8-226] default block is never used [D:/my_homework/my_vivado_practice/project_practice_week10_on_class/XADC/XADC.srcs/sources_1/new/show.v:111]
INFO: [Synth 8-6155] done synthesizing module 'show' (5#1) [D:/my_homework/my_vivado_practice/project_practice_week10_on_class/XADC/XADC.srcs/sources_1/new/show.v:23]
WARNING: [Synth 8-6104] Input port 'a_to_g2' has an internal driver [D:/my_homework/my_vivado_practice/project_practice_week10_on_class/XADC/XADC.srcs/sources_1/new/show_high_low.v:36]
WARNING: [Synth 8-6104] Input port 'an2' has an internal driver [D:/my_homework/my_vivado_practice/project_practice_week10_on_class/XADC/XADC.srcs/sources_1/new/show_high_low.v:37]
WARNING: [Synth 8-6104] Input port 'a_to_g1' has an internal driver [D:/my_homework/my_vivado_practice/project_practice_week10_on_class/XADC/XADC.srcs/sources_1/new/show_high_low.v:43]
WARNING: [Synth 8-6104] Input port 'an1' has an internal driver [D:/my_homework/my_vivado_practice/project_practice_week10_on_class/XADC/XADC.srcs/sources_1/new/show_high_low.v:44]
INFO: [Synth 8-6155] done synthesizing module 'show_high_low' (6#1) [D:/my_homework/my_vivado_practice/project_practice_week10_on_class/XADC/XADC.srcs/sources_1/new/show_high_low.v:23]
WARNING: [Synth 8-3848] Net an1 in module/entity top_XADC_voltage does not have driver. [D:/my_homework/my_vivado_practice/project_practice_week10_on_class/XADC/XADC.srcs/sources_1/new/top_XADC_voltage.v:29]
WARNING: [Synth 8-3848] Net an2 in module/entity top_XADC_voltage does not have driver. [D:/my_homework/my_vivado_practice/project_practice_week10_on_class/XADC/XADC.srcs/sources_1/new/top_XADC_voltage.v:29]
WARNING: [Synth 8-3848] Net a_to_g1 in module/entity top_XADC_voltage does not have driver. [D:/my_homework/my_vivado_practice/project_practice_week10_on_class/XADC/XADC.srcs/sources_1/new/top_XADC_voltage.v:30]
WARNING: [Synth 8-3848] Net a_to_g2 in module/entity top_XADC_voltage does not have driver. [D:/my_homework/my_vivado_practice/project_practice_week10_on_class/XADC/XADC.srcs/sources_1/new/top_XADC_voltage.v:30]
INFO: [Synth 8-6155] done synthesizing module 'top_XADC_voltage' (7#1) [D:/my_homework/my_vivado_practice/project_practice_week10_on_class/XADC/XADC.srcs/sources_1/new/top_XADC_voltage.v:23]
WARNING: [Synth 8-3331] design data_output has unconnected port do_out[3]
WARNING: [Synth 8-3331] design data_output has unconnected port do_out[2]
WARNING: [Synth 8-3331] design data_output has unconnected port do_out[1]
WARNING: [Synth 8-3331] design data_output has unconnected port do_out[0]
---------------------------------------------------------------------------------
Finished RTL Elaboration : Time (s): cpu = 00:00:03 ; elapsed = 00:00:04 . Memory (MB): peak = 2979.473 ; gain = 0.000
---------------------------------------------------------------------------------

Report Check Netlist: 
+------+------------------+-------+---------+-------+------------------+
|      |Item              |Errors |Warnings |Status |Description       |
+------+------------------+-------+---------+-------+------------------+
|1     |multi_driven_nets |      0|        0|Passed |Multi driven nets |
+------+------------------+-------+---------+-------+------------------+
WARNING: [Synth 8-3295] tying undriven pin top_show_high_low:an1[3] to constant 0 [D:/my_homework/my_vivado_practice/project_practice_week10_on_class/XADC/XADC.srcs/sources_1/new/top_XADC_voltage.v:55]
WARNING: [Synth 8-3295] tying undriven pin top_show_high_low:an1[2] to constant 0 [D:/my_homework/my_vivado_practice/project_practice_week10_on_class/XADC/XADC.srcs/sources_1/new/top_XADC_voltage.v:55]
WARNING: [Synth 8-3295] tying undriven pin top_show_high_low:an1[1] to constant 0 [D:/my_homework/my_vivado_practice/project_practice_week10_on_class/XADC/XADC.srcs/sources_1/new/top_XADC_voltage.v:55]
WARNING: [Synth 8-3295] tying undriven pin top_show_high_low:an1[0] to constant 0 [D:/my_homework/my_vivado_practice/project_practice_week10_on_class/XADC/XADC.srcs/sources_1/new/top_XADC_voltage.v:55]
WARNING: [Synth 8-3295] tying undriven pin top_show_high_low:an2[3] to constant 0 [D:/my_homework/my_vivado_practice/project_practice_week10_on_class/XADC/XADC.srcs/sources_1/new/top_XADC_voltage.v:55]
WARNING: [Synth 8-3295] tying undriven pin top_show_high_low:an2[2] to constant 0 [D:/my_homework/my_vivado_practice/project_practice_week10_on_class/XADC/XADC.srcs/sources_1/new/top_XADC_voltage.v:55]
WARNING: [Synth 8-3295] tying undriven pin top_show_high_low:an2[1] to constant 0 [D:/my_homework/my_vivado_practice/project_practice_week10_on_class/XADC/XADC.srcs/sources_1/new/top_XADC_voltage.v:55]
WARNING: [Synth 8-3295] tying undriven pin top_show_high_low:an2[0] to constant 0 [D:/my_homework/my_vivado_practice/project_practice_week10_on_class/XADC/XADC.srcs/sources_1/new/top_XADC_voltage.v:55]
WARNING: [Synth 8-3295] tying undriven pin top_show_high_low:a_to_g1[7] to constant 0 [D:/my_homework/my_vivado_practice/project_practice_week10_on_class/XADC/XADC.srcs/sources_1/new/top_XADC_voltage.v:55]
WARNING: [Synth 8-3295] tying undriven pin top_show_high_low:a_to_g1[6] to constant 0 [D:/my_homework/my_vivado_practice/project_practice_week10_on_class/XADC/XADC.srcs/sources_1/new/top_XADC_voltage.v:55]
WARNING: [Synth 8-3295] tying undriven pin top_show_high_low:a_to_g1[5] to constant 0 [D:/my_homework/my_vivado_practice/project_practice_week10_on_class/XADC/XADC.srcs/sources_1/new/top_XADC_voltage.v:55]
WARNING: [Synth 8-3295] tying undriven pin top_show_high_low:a_to_g1[4] to constant 0 [D:/my_homework/my_vivado_practice/project_practice_week10_on_class/XADC/XADC.srcs/sources_1/new/top_XADC_voltage.v:55]
WARNING: [Synth 8-3295] tying undriven pin top_show_high_low:a_to_g1[3] to constant 0 [D:/my_homework/my_vivado_practice/project_practice_week10_on_class/XADC/XADC.srcs/sources_1/new/top_XADC_voltage.v:55]
WARNING: [Synth 8-3295] tying undriven pin top_show_high_low:a_to_g1[2] to constant 0 [D:/my_homework/my_vivado_practice/project_practice_week10_on_class/XADC/XADC.srcs/sources_1/new/top_XADC_voltage.v:55]
WARNING: [Synth 8-3295] tying undriven pin top_show_high_low:a_to_g1[1] to constant 0 [D:/my_homework/my_vivado_practice/project_practice_week10_on_class/XADC/XADC.srcs/sources_1/new/top_XADC_voltage.v:55]
WARNING: [Synth 8-3295] tying undriven pin top_show_high_low:a_to_g1[0] to constant 0 [D:/my_homework/my_vivado_practice/project_practice_week10_on_class/XADC/XADC.srcs/sources_1/new/top_XADC_voltage.v:55]
WARNING: [Synth 8-3295] tying undriven pin top_show_high_low:a_to_g2[7] to constant 0 [D:/my_homework/my_vivado_practice/project_practice_week10_on_class/XADC/XADC.srcs/sources_1/new/top_XADC_voltage.v:55]
WARNING: [Synth 8-3295] tying undriven pin top_show_high_low:a_to_g2[6] to constant 0 [D:/my_homework/my_vivado_practice/project_practice_week10_on_class/XADC/XADC.srcs/sources_1/new/top_XADC_voltage.v:55]
WARNING: [Synth 8-3295] tying undriven pin top_show_high_low:a_to_g2[5] to constant 0 [D:/my_homework/my_vivado_practice/project_practice_week10_on_class/XADC/XADC.srcs/sources_1/new/top_XADC_voltage.v:55]
WARNING: [Synth 8-3295] tying undriven pin top_show_high_low:a_to_g2[4] to constant 0 [D:/my_homework/my_vivado_practice/project_practice_week10_on_class/XADC/XADC.srcs/sources_1/new/top_XADC_voltage.v:55]
WARNING: [Synth 8-3295] tying undriven pin top_show_high_low:a_to_g2[3] to constant 0 [D:/my_homework/my_vivado_practice/project_practice_week10_on_class/XADC/XADC.srcs/sources_1/new/top_XADC_voltage.v:55]
WARNING: [Synth 8-3295] tying undriven pin top_show_high_low:a_to_g2[2] to constant 0 [D:/my_homework/my_vivado_practice/project_practice_week10_on_class/XADC/XADC.srcs/sources_1/new/top_XADC_voltage.v:55]
WARNING: [Synth 8-3295] tying undriven pin top_show_high_low:a_to_g2[1] to constant 0 [D:/my_homework/my_vivado_practice/project_practice_week10_on_class/XADC/XADC.srcs/sources_1/new/top_XADC_voltage.v:55]
WARNING: [Synth 8-3295] tying undriven pin top_show_high_low:a_to_g2[0] to constant 0 [D:/my_homework/my_vivado_practice/project_practice_week10_on_class/XADC/XADC.srcs/sources_1/new/top_XADC_voltage.v:55]
---------------------------------------------------------------------------------
Start Handling Custom Attributes
---------------------------------------------------------------------------------
---------------------------------------------------------------------------------
Finished Handling Custom Attributes : Time (s): cpu = 00:00:03 ; elapsed = 00:00:04 . Memory (MB): peak = 2979.473 ; gain = 0.000
---------------------------------------------------------------------------------
---------------------------------------------------------------------------------
Finished RTL Optimization Phase 1 : Time (s): cpu = 00:00:03 ; elapsed = 00:00:04 . Memory (MB): peak = 2979.473 ; gain = 0.000
---------------------------------------------------------------------------------
INFO: [Project 1-454] Reading design checkpoint 'd:/my_homework/my_vivado_practice/project_practice_week10_on_class/XADC/XADC.srcs/sources_1/ip/xadc_wiz_0/xadc_wiz_0.dcp' for cell 'top_xadc/u1'
INFO: [Netlist 29-17] Analyzing 1 Unisim elements for replacement
INFO: [Netlist 29-28] Unisim Transformation completed in 0 CPU seconds
INFO: [Project 1-479] Netlist was created with Vivado 2018.3
INFO: [Project 1-570] Preparing netlist for logic optimization
INFO: [Opt 31-140] Inserted 4 IBUFs to IO ports without IO buffers.

Processing XDC Constraints
Initializing timing engine
Parsing XDC File [d:/my_homework/my_vivado_practice/project_practice_week10_on_class/XADC/XADC.srcs/sources_1/ip/xadc_wiz_0/xadc_wiz_0.xdc] for cell 'top_xadc/u1/inst'
Finished Parsing XDC File [d:/my_homework/my_vivado_practice/project_practice_week10_on_class/XADC/XADC.srcs/sources_1/ip/xadc_wiz_0/xadc_wiz_0.xdc] for cell 'top_xadc/u1/inst'
Parsing XDC File [D:/my_homework/my_vivado_practice/project_practice_week10_on_class/XADC/XADC.srcs/constrs_1/new/XADC_voltage.xdc]
Finished Parsing XDC File [D:/my_homework/my_vivado_practice/project_practice_week10_on_class/XADC/XADC.srcs/constrs_1/new/XADC_voltage.xdc]
Completed Processing XDC Constraints

INFO: [Opt 31-138] Pushed 0 inverter(s) to 0 load pin(s).
Netlist sorting complete. Time (s): cpu = 00:00:00 ; elapsed = 00:00:00 . Memory (MB): peak = 2979.473 ; gain = 0.000
INFO: [Project 1-111] Unisim Transformation Summary:
No Unisim elements were transformed.

RTL Elaboration Complete:  : Time (s): cpu = 00:00:08 ; elapsed = 00:00:08 . Memory (MB): peak = 2979.473 ; gain = 0.000
23 Infos, 37 Warnings, 0 Critical Warnings and 0 Errors encountered.
synth_design completed successfully
synth_design: Time (s): cpu = 00:00:08 ; elapsed = 00:00:08 . Memory (MB): peak = 2979.473 ; gain = 0.000
reset_run synth_1
launch_runs synth_1 -jobs 4
[Wed May  1 17:01:00 2024] Launched synth_1...
Run output will be captured here: D:/my_homework/my_vivado_practice/project_practice_week10_on_class/XADC/XADC.runs/synth_1/runme.log
launch_runs impl_1 -jobs 4
[Wed May  1 17:02:08 2024] Launched impl_1...
Run output will be captured here: D:/my_homework/my_vivado_practice/project_practice_week10_on_class/XADC/XADC.runs/impl_1/runme.log
launch_runs impl_1 -to_step write_bitstream -jobs 4
[Wed May  1 17:03:43 2024] Launched impl_1...
Run output will be captured here: D:/my_homework/my_vivado_practice/project_practice_week10_on_class/XADC/XADC.runs/impl_1/runme.log
open_hw
connect_hw_server
INFO: [Labtools 27-2285] Connecting to hw_server url TCP:localhost:3121
INFO: [Labtools 27-2222] Launching hw_server...
INFO: [Labtools 27-2221] Launch Output:

****** Xilinx hw_server v2018.3
  **** Build date : Dec  7 2018-00:40:27
    ** Copyright 1986-2018 Xilinx, Inc. All Rights Reserved.


open_hw_target
INFO: [Labtoolstcl 44-466] Opening hw_target localhost:3121/xilinx_tcf/Xilinx/1234-tulA
set_property PROGRAM.FILE {D:/my_homework/my_vivado_practice/project_practice_week10_on_class/XADC/XADC.runs/impl_1/top_XADC_voltage.bit} [get_hw_devices xc7a35t_0]
current_hw_device [get_hw_devices xc7a35t_0]
refresh_hw_device -update_hw_probes false [lindex [get_hw_devices xc7a35t_0] 0]
INFO: [Labtools 27-1434] Device xc7a35t (JTAG device index = 0) is programmed with a design that has no supported debug core(s) in it.
set_property PROBES.FILE {} [get_hw_devices xc7a35t_0]
set_property FULL_PROBES.FILE {} [get_hw_devices xc7a35t_0]
set_property PROGRAM.FILE {D:/my_homework/my_vivado_practice/project_practice_week10_on_class/XADC/XADC.runs/impl_1/top_XADC_voltage.bit} [get_hw_devices xc7a35t_0]
program_hw_devices [get_hw_devices xc7a35t_0]
INFO: [Labtools 27-3164] End of startup status: HIGH
refresh_hw_device [lindex [get_hw_devices xc7a35t_0] 0]
INFO: [Labtools 27-1434] Device xc7a35t (JTAG device index = 0) is programmed with a design that has no supported debug core(s) in it.
close_hw
refresh_design
---------------------------------------------------------------------------------
Starting RTL Elaboration : Time (s): cpu = 00:00:02 ; elapsed = 00:00:03 . Memory (MB): peak = 2979.473 ; gain = 0.000
---------------------------------------------------------------------------------
INFO: [Synth 8-6157] synthesizing module 'top_XADC_voltage' [D:/my_homework/my_vivado_practice/project_practice_week10_on_class/XADC/XADC.srcs/sources_1/new/top_XADC_voltage.v:23]
INFO: [Synth 8-6157] synthesizing module 'XADC_channel_1' [D:/my_homework/my_vivado_practice/project_practice_week10_on_class/XADC/XADC.srcs/sources_1/new/XADC_channel_1.v:23]
INFO: [Synth 8-6157] synthesizing module 'xadc_wiz_0' [D:/my_homework/my_vivado_practice/project_practice_week10_on_class/XADC/.Xil/Vivado-5460-LAPTOP-CCNJK6NK/realtime/xadc_wiz_0_stub.v:5]
INFO: [Synth 8-6155] done synthesizing module 'xadc_wiz_0' (1#1) [D:/my_homework/my_vivado_practice/project_practice_week10_on_class/XADC/.Xil/Vivado-5460-LAPTOP-CCNJK6NK/realtime/xadc_wiz_0_stub.v:5]
INFO: [Synth 8-6155] done synthesizing module 'XADC_channel_1' (2#1) [D:/my_homework/my_vivado_practice/project_practice_week10_on_class/XADC/XADC.srcs/sources_1/new/XADC_channel_1.v:23]
INFO: [Synth 8-6157] synthesizing module 'data_output' [D:/my_homework/my_vivado_practice/project_practice_week10_on_class/XADC/XADC.srcs/sources_1/new/data_output.v:23]
INFO: [Synth 8-6155] done synthesizing module 'data_output' (3#1) [D:/my_homework/my_vivado_practice/project_practice_week10_on_class/XADC/XADC.srcs/sources_1/new/data_output.v:23]
INFO: [Synth 8-6157] synthesizing module 'bin2BCD' [D:/my_homework/my_vivado_practice/project_practice_week10_on_class/XADC/XADC.srcs/sources_1/new/bin2BCD.v:23]
INFO: [Synth 8-6155] done synthesizing module 'bin2BCD' (4#1) [D:/my_homework/my_vivado_practice/project_practice_week10_on_class/XADC/XADC.srcs/sources_1/new/bin2BCD.v:23]
WARNING: [Synth 8-4446] all outputs are unconnected for this instance and logic may be removed [D:/my_homework/my_vivado_practice/project_practice_week10_on_class/XADC/XADC.srcs/sources_1/new/top_XADC_voltage.v:55]
INFO: [Synth 8-6157] synthesizing module 'show_high_low' [D:/my_homework/my_vivado_practice/project_practice_week10_on_class/XADC/XADC.srcs/sources_1/new/show_high_low.v:23]
INFO: [Synth 8-6157] synthesizing module 'show' [D:/my_homework/my_vivado_practice/project_practice_week10_on_class/XADC/XADC.srcs/sources_1/new/show.v:23]
INFO: [Synth 8-226] default block is never used [D:/my_homework/my_vivado_practice/project_practice_week10_on_class/XADC/XADC.srcs/sources_1/new/show.v:111]
INFO: [Synth 8-6155] done synthesizing module 'show' (5#1) [D:/my_homework/my_vivado_practice/project_practice_week10_on_class/XADC/XADC.srcs/sources_1/new/show.v:23]
WARNING: [Synth 8-6104] Input port 'a_to_g2' has an internal driver [D:/my_homework/my_vivado_practice/project_practice_week10_on_class/XADC/XADC.srcs/sources_1/new/show_high_low.v:36]
WARNING: [Synth 8-6104] Input port 'an2' has an internal driver [D:/my_homework/my_vivado_practice/project_practice_week10_on_class/XADC/XADC.srcs/sources_1/new/show_high_low.v:37]
WARNING: [Synth 8-6104] Input port 'a_to_g1' has an internal driver [D:/my_homework/my_vivado_practice/project_practice_week10_on_class/XADC/XADC.srcs/sources_1/new/show_high_low.v:43]
WARNING: [Synth 8-6104] Input port 'an1' has an internal driver [D:/my_homework/my_vivado_practice/project_practice_week10_on_class/XADC/XADC.srcs/sources_1/new/show_high_low.v:44]
INFO: [Synth 8-6155] done synthesizing module 'show_high_low' (6#1) [D:/my_homework/my_vivado_practice/project_practice_week10_on_class/XADC/XADC.srcs/sources_1/new/show_high_low.v:23]
WARNING: [Synth 8-3848] Net an1 in module/entity top_XADC_voltage does not have driver. [D:/my_homework/my_vivado_practice/project_practice_week10_on_class/XADC/XADC.srcs/sources_1/new/top_XADC_voltage.v:29]
WARNING: [Synth 8-3848] Net an2 in module/entity top_XADC_voltage does not have driver. [D:/my_homework/my_vivado_practice/project_practice_week10_on_class/XADC/XADC.srcs/sources_1/new/top_XADC_voltage.v:29]
WARNING: [Synth 8-3848] Net a_to_g1 in module/entity top_XADC_voltage does not have driver. [D:/my_homework/my_vivado_practice/project_practice_week10_on_class/XADC/XADC.srcs/sources_1/new/top_XADC_voltage.v:30]
WARNING: [Synth 8-3848] Net a_to_g2 in module/entity top_XADC_voltage does not have driver. [D:/my_homework/my_vivado_practice/project_practice_week10_on_class/XADC/XADC.srcs/sources_1/new/top_XADC_voltage.v:30]
INFO: [Synth 8-6155] done synthesizing module 'top_XADC_voltage' (7#1) [D:/my_homework/my_vivado_practice/project_practice_week10_on_class/XADC/XADC.srcs/sources_1/new/top_XADC_voltage.v:23]
WARNING: [Synth 8-3331] design bin2BCD has unconnected port binary[19]
WARNING: [Synth 8-3331] design bin2BCD has unconnected port binary[18]
WARNING: [Synth 8-3331] design bin2BCD has unconnected port binary[17]
WARNING: [Synth 8-3331] design bin2BCD has unconnected port binary[16]
WARNING: [Synth 8-3331] design bin2BCD has unconnected port binary[15]
WARNING: [Synth 8-3331] design bin2BCD has unconnected port binary[14]
WARNING: [Synth 8-3331] design bin2BCD has unconnected port binary[13]
WARNING: [Synth 8-3331] design bin2BCD has unconnected port binary[12]
WARNING: [Synth 8-3331] design bin2BCD has unconnected port binary[11]
WARNING: [Synth 8-3331] design bin2BCD has unconnected port binary[10]
WARNING: [Synth 8-3331] design bin2BCD has unconnected port binary[9]
WARNING: [Synth 8-3331] design bin2BCD has unconnected port binary[8]
WARNING: [Synth 8-3331] design bin2BCD has unconnected port binary[7]
WARNING: [Synth 8-3331] design bin2BCD has unconnected port binary[6]
WARNING: [Synth 8-3331] design bin2BCD has unconnected port binary[5]
WARNING: [Synth 8-3331] design bin2BCD has unconnected port binary[4]
WARNING: [Synth 8-3331] design bin2BCD has unconnected port binary[3]
WARNING: [Synth 8-3331] design bin2BCD has unconnected port binary[2]
WARNING: [Synth 8-3331] design bin2BCD has unconnected port binary[1]
WARNING: [Synth 8-3331] design bin2BCD has unconnected port binary[0]
WARNING: [Synth 8-3331] design data_output has unconnected port do_out[3]
WARNING: [Synth 8-3331] design data_output has unconnected port do_out[2]
WARNING: [Synth 8-3331] design data_output has unconnected port do_out[1]
WARNING: [Synth 8-3331] design data_output has unconnected port do_out[0]
---------------------------------------------------------------------------------
Finished RTL Elaboration : Time (s): cpu = 00:00:03 ; elapsed = 00:00:03 . Memory (MB): peak = 3157.199 ; gain = 177.727
---------------------------------------------------------------------------------

Report Check Netlist: 
+------+------------------+-------+---------+-------+------------------+
|      |Item              |Errors |Warnings |Status |Description       |
+------+------------------+-------+---------+-------+------------------+
|1     |multi_driven_nets |      0|        0|Passed |Multi driven nets |
+------+------------------+-------+---------+-------+------------------+
WARNING: [Synth 8-3295] tying undriven pin top_show_high_low:an1[3] to constant 0 [D:/my_homework/my_vivado_practice/project_practice_week10_on_class/XADC/XADC.srcs/sources_1/new/top_XADC_voltage.v:55]
WARNING: [Synth 8-3295] tying undriven pin top_show_high_low:an1[2] to constant 0 [D:/my_homework/my_vivado_practice/project_practice_week10_on_class/XADC/XADC.srcs/sources_1/new/top_XADC_voltage.v:55]
WARNING: [Synth 8-3295] tying undriven pin top_show_high_low:an1[1] to constant 0 [D:/my_homework/my_vivado_practice/project_practice_week10_on_class/XADC/XADC.srcs/sources_1/new/top_XADC_voltage.v:55]
WARNING: [Synth 8-3295] tying undriven pin top_show_high_low:an1[0] to constant 0 [D:/my_homework/my_vivado_practice/project_practice_week10_on_class/XADC/XADC.srcs/sources_1/new/top_XADC_voltage.v:55]
WARNING: [Synth 8-3295] tying undriven pin top_show_high_low:an2[3] to constant 0 [D:/my_homework/my_vivado_practice/project_practice_week10_on_class/XADC/XADC.srcs/sources_1/new/top_XADC_voltage.v:55]
WARNING: [Synth 8-3295] tying undriven pin top_show_high_low:an2[2] to constant 0 [D:/my_homework/my_vivado_practice/project_practice_week10_on_class/XADC/XADC.srcs/sources_1/new/top_XADC_voltage.v:55]
WARNING: [Synth 8-3295] tying undriven pin top_show_high_low:an2[1] to constant 0 [D:/my_homework/my_vivado_practice/project_practice_week10_on_class/XADC/XADC.srcs/sources_1/new/top_XADC_voltage.v:55]
WARNING: [Synth 8-3295] tying undriven pin top_show_high_low:an2[0] to constant 0 [D:/my_homework/my_vivado_practice/project_practice_week10_on_class/XADC/XADC.srcs/sources_1/new/top_XADC_voltage.v:55]
WARNING: [Synth 8-3295] tying undriven pin top_show_high_low:a_to_g1[7] to constant 0 [D:/my_homework/my_vivado_practice/project_practice_week10_on_class/XADC/XADC.srcs/sources_1/new/top_XADC_voltage.v:55]
WARNING: [Synth 8-3295] tying undriven pin top_show_high_low:a_to_g1[6] to constant 0 [D:/my_homework/my_vivado_practice/project_practice_week10_on_class/XADC/XADC.srcs/sources_1/new/top_XADC_voltage.v:55]
WARNING: [Synth 8-3295] tying undriven pin top_show_high_low:a_to_g1[5] to constant 0 [D:/my_homework/my_vivado_practice/project_practice_week10_on_class/XADC/XADC.srcs/sources_1/new/top_XADC_voltage.v:55]
WARNING: [Synth 8-3295] tying undriven pin top_show_high_low:a_to_g1[4] to constant 0 [D:/my_homework/my_vivado_practice/project_practice_week10_on_class/XADC/XADC.srcs/sources_1/new/top_XADC_voltage.v:55]
WARNING: [Synth 8-3295] tying undriven pin top_show_high_low:a_to_g1[3] to constant 0 [D:/my_homework/my_vivado_practice/project_practice_week10_on_class/XADC/XADC.srcs/sources_1/new/top_XADC_voltage.v:55]
WARNING: [Synth 8-3295] tying undriven pin top_show_high_low:a_to_g1[2] to constant 0 [D:/my_homework/my_vivado_practice/project_practice_week10_on_class/XADC/XADC.srcs/sources_1/new/top_XADC_voltage.v:55]
WARNING: [Synth 8-3295] tying undriven pin top_show_high_low:a_to_g1[1] to constant 0 [D:/my_homework/my_vivado_practice/project_practice_week10_on_class/XADC/XADC.srcs/sources_1/new/top_XADC_voltage.v:55]
WARNING: [Synth 8-3295] tying undriven pin top_show_high_low:a_to_g1[0] to constant 0 [D:/my_homework/my_vivado_practice/project_practice_week10_on_class/XADC/XADC.srcs/sources_1/new/top_XADC_voltage.v:55]
WARNING: [Synth 8-3295] tying undriven pin top_show_high_low:a_to_g2[7] to constant 0 [D:/my_homework/my_vivado_practice/project_practice_week10_on_class/XADC/XADC.srcs/sources_1/new/top_XADC_voltage.v:55]
WARNING: [Synth 8-3295] tying undriven pin top_show_high_low:a_to_g2[6] to constant 0 [D:/my_homework/my_vivado_practice/project_practice_week10_on_class/XADC/XADC.srcs/sources_1/new/top_XADC_voltage.v:55]
WARNING: [Synth 8-3295] tying undriven pin top_show_high_low:a_to_g2[5] to constant 0 [D:/my_homework/my_vivado_practice/project_practice_week10_on_class/XADC/XADC.srcs/sources_1/new/top_XADC_voltage.v:55]
WARNING: [Synth 8-3295] tying undriven pin top_show_high_low:a_to_g2[4] to constant 0 [D:/my_homework/my_vivado_practice/project_practice_week10_on_class/XADC/XADC.srcs/sources_1/new/top_XADC_voltage.v:55]
WARNING: [Synth 8-3295] tying undriven pin top_show_high_low:a_to_g2[3] to constant 0 [D:/my_homework/my_vivado_practice/project_practice_week10_on_class/XADC/XADC.srcs/sources_1/new/top_XADC_voltage.v:55]
WARNING: [Synth 8-3295] tying undriven pin top_show_high_low:a_to_g2[2] to constant 0 [D:/my_homework/my_vivado_practice/project_practice_week10_on_class/XADC/XADC.srcs/sources_1/new/top_XADC_voltage.v:55]
WARNING: [Synth 8-3295] tying undriven pin top_show_high_low:a_to_g2[1] to constant 0 [D:/my_homework/my_vivado_practice/project_practice_week10_on_class/XADC/XADC.srcs/sources_1/new/top_XADC_voltage.v:55]
WARNING: [Synth 8-3295] tying undriven pin top_show_high_low:a_to_g2[0] to constant 0 [D:/my_homework/my_vivado_practice/project_practice_week10_on_class/XADC/XADC.srcs/sources_1/new/top_XADC_voltage.v:55]
---------------------------------------------------------------------------------
Start Handling Custom Attributes
---------------------------------------------------------------------------------
---------------------------------------------------------------------------------
Finished Handling Custom Attributes : Time (s): cpu = 00:00:03 ; elapsed = 00:00:04 . Memory (MB): peak = 3158.324 ; gain = 178.852
---------------------------------------------------------------------------------
---------------------------------------------------------------------------------
Finished RTL Optimization Phase 1 : Time (s): cpu = 00:00:03 ; elapsed = 00:00:04 . Memory (MB): peak = 3158.324 ; gain = 178.852
---------------------------------------------------------------------------------
INFO: [Project 1-454] Reading design checkpoint 'd:/my_homework/my_vivado_practice/project_practice_week10_on_class/XADC/XADC.srcs/sources_1/ip/xadc_wiz_0/xadc_wiz_0.dcp' for cell 'top_xadc/u1'
INFO: [Netlist 29-17] Analyzing 1 Unisim elements for replacement
INFO: [Netlist 29-28] Unisim Transformation completed in 0 CPU seconds
INFO: [Project 1-479] Netlist was created with Vivado 2018.3
INFO: [Project 1-570] Preparing netlist for logic optimization
INFO: [Opt 31-140] Inserted 4 IBUFs to IO ports without IO buffers.

Processing XDC Constraints
Initializing timing engine
Parsing XDC File [d:/my_homework/my_vivado_practice/project_practice_week10_on_class/XADC/XADC.srcs/sources_1/ip/xadc_wiz_0/xadc_wiz_0.xdc] for cell 'top_xadc/u1/inst'
Finished Parsing XDC File [d:/my_homework/my_vivado_practice/project_practice_week10_on_class/XADC/XADC.srcs/sources_1/ip/xadc_wiz_0/xadc_wiz_0.xdc] for cell 'top_xadc/u1/inst'
Parsing XDC File [D:/my_homework/my_vivado_practice/project_practice_week10_on_class/XADC/XADC.srcs/constrs_1/new/XADC_voltage.xdc]
Finished Parsing XDC File [D:/my_homework/my_vivado_practice/project_practice_week10_on_class/XADC/XADC.srcs/constrs_1/new/XADC_voltage.xdc]
Completed Processing XDC Constraints

INFO: [Opt 31-138] Pushed 0 inverter(s) to 0 load pin(s).
refresh_design: Time (s): cpu = 00:00:08 ; elapsed = 00:00:13 . Memory (MB): peak = 3174.406 ; gain = 194.934
reset_run synth_1
launch_runs synth_1 -jobs 4
[Wed May  1 17:10:02 2024] Launched synth_1...
Run output will be captured here: D:/my_homework/my_vivado_practice/project_practice_week10_on_class/XADC/XADC.runs/synth_1/runme.log
launch_runs impl_1 -jobs 4
[Wed May  1 17:10:52 2024] Launched impl_1...
Run output will be captured here: D:/my_homework/my_vivado_practice/project_practice_week10_on_class/XADC/XADC.runs/impl_1/runme.log
launch_runs impl_1 -to_step write_bitstream -jobs 4
[Wed May  1 17:12:09 2024] Launched impl_1...
Run output will be captured here: D:/my_homework/my_vivado_practice/project_practice_week10_on_class/XADC/XADC.runs/impl_1/runme.log
open_hw
connect_hw_server
INFO: [Labtools 27-2285] Connecting to hw_server url TCP:localhost:3121
INFO: [Labtools 27-2222] Launching hw_server...
INFO: [Labtools 27-2221] Launch Output:

****** Xilinx hw_server v2018.3
  **** Build date : Dec  7 2018-00:40:27
    ** Copyright 1986-2018 Xilinx, Inc. All Rights Reserved.


open_hw_target
INFO: [Labtoolstcl 44-466] Opening hw_target localhost:3121/xilinx_tcf/Xilinx/1234-tulA
set_property PROGRAM.FILE {D:/my_homework/my_vivado_practice/project_practice_week10_on_class/XADC/XADC.runs/impl_1/top_XADC_voltage.bit} [get_hw_devices xc7a35t_0]
current_hw_device [get_hw_devices xc7a35t_0]
refresh_hw_device -update_hw_probes false [lindex [get_hw_devices xc7a35t_0] 0]
INFO: [Labtools 27-1434] Device xc7a35t (JTAG device index = 0) is programmed with a design that has no supported debug core(s) in it.
set_property PROBES.FILE {} [get_hw_devices xc7a35t_0]
set_property FULL_PROBES.FILE {} [get_hw_devices xc7a35t_0]
set_property PROGRAM.FILE {D:/my_homework/my_vivado_practice/project_practice_week10_on_class/XADC/XADC.runs/impl_1/top_XADC_voltage.bit} [get_hw_devices xc7a35t_0]
program_hw_devices [get_hw_devices xc7a35t_0]
INFO: [Labtools 27-3164] End of startup status: HIGH
refresh_hw_device [lindex [get_hw_devices xc7a35t_0] 0]
INFO: [Labtools 27-1434] Device xc7a35t (JTAG device index = 0) is programmed with a design that has no supported debug core(s) in it.
set_property needs_refresh false [get_runs synth_1]
set_property needs_refresh false [get_runs impl_1]
set_property needs_refresh false [get_runs xadc_wiz_0_synth_1]
set_property PROBES.FILE {} [get_hw_devices xc7a35t_0]
set_property FULL_PROBES.FILE {} [get_hw_devices xc7a35t_0]
set_property PROGRAM.FILE {D:/my_homework/my_vivado_practice/project_practice_week10_on_class/XADC/XADC.runs/impl_1/top_XADC_voltage.bit} [get_hw_devices xc7a35t_0]
program_hw_devices [get_hw_devices xc7a35t_0]
INFO: [Labtools 27-3164] End of startup status: HIGH
refresh_hw_device [lindex [get_hw_devices xc7a35t_0] 0]
INFO: [Labtools 27-1434] Device xc7a35t (JTAG device index = 0) is programmed with a design that has no supported debug core(s) in it.
close_hw
close_design
synth_design -rtl -name rtl_1
Command: synth_design -rtl -name rtl_1
Starting synth_design
Using part: xc7a35tcsg324-1
Top: top_XADC_voltage
---------------------------------------------------------------------------------
Starting RTL Elaboration : Time (s): cpu = 00:00:02 ; elapsed = 00:00:03 . Memory (MB): peak = 3618.199 ; gain = 0.000
---------------------------------------------------------------------------------
INFO: [Synth 8-6157] synthesizing module 'top_XADC_voltage' [D:/my_homework/my_vivado_practice/project_practice_week10_on_class/XADC/XADC.srcs/sources_1/new/top_XADC_voltage.v:23]
INFO: [Synth 8-6157] synthesizing module 'XADC_channel_1' [D:/my_homework/my_vivado_practice/project_practice_week10_on_class/XADC/XADC.srcs/sources_1/new/XADC_channel_1.v:23]
INFO: [Synth 8-6157] synthesizing module 'xadc_wiz_0' [D:/my_homework/my_vivado_practice/project_practice_week10_on_class/XADC/.Xil/Vivado-5460-LAPTOP-CCNJK6NK/realtime/xadc_wiz_0_stub.v:5]
INFO: [Synth 8-6155] done synthesizing module 'xadc_wiz_0' (1#1) [D:/my_homework/my_vivado_practice/project_practice_week10_on_class/XADC/.Xil/Vivado-5460-LAPTOP-CCNJK6NK/realtime/xadc_wiz_0_stub.v:5]
INFO: [Synth 8-6155] done synthesizing module 'XADC_channel_1' (2#1) [D:/my_homework/my_vivado_practice/project_practice_week10_on_class/XADC/XADC.srcs/sources_1/new/XADC_channel_1.v:23]
INFO: [Synth 8-6157] synthesizing module 'data_output' [D:/my_homework/my_vivado_practice/project_practice_week10_on_class/XADC/XADC.srcs/sources_1/new/data_output.v:23]
INFO: [Synth 8-6155] done synthesizing module 'data_output' (3#1) [D:/my_homework/my_vivado_practice/project_practice_week10_on_class/XADC/XADC.srcs/sources_1/new/data_output.v:23]
INFO: [Synth 8-6157] synthesizing module 'bin2BCD' [D:/my_homework/my_vivado_practice/project_practice_week10_on_class/XADC/XADC.srcs/sources_1/new/bin2BCD.v:23]
INFO: [Synth 8-6155] done synthesizing module 'bin2BCD' (4#1) [D:/my_homework/my_vivado_practice/project_practice_week10_on_class/XADC/XADC.srcs/sources_1/new/bin2BCD.v:23]
WARNING: [Synth 8-4446] all outputs are unconnected for this instance and logic may be removed [D:/my_homework/my_vivado_practice/project_practice_week10_on_class/XADC/XADC.srcs/sources_1/new/top_XADC_voltage.v:55]
INFO: [Synth 8-6157] synthesizing module 'show_high_low' [D:/my_homework/my_vivado_practice/project_practice_week10_on_class/XADC/XADC.srcs/sources_1/new/show_high_low.v:23]
INFO: [Synth 8-6157] synthesizing module 'show' [D:/my_homework/my_vivado_practice/project_practice_week10_on_class/XADC/XADC.srcs/sources_1/new/show.v:23]
INFO: [Synth 8-226] default block is never used [D:/my_homework/my_vivado_practice/project_practice_week10_on_class/XADC/XADC.srcs/sources_1/new/show.v:111]
INFO: [Synth 8-6155] done synthesizing module 'show' (5#1) [D:/my_homework/my_vivado_practice/project_practice_week10_on_class/XADC/XADC.srcs/sources_1/new/show.v:23]
WARNING: [Synth 8-6104] Input port 'a_to_g2' has an internal driver [D:/my_homework/my_vivado_practice/project_practice_week10_on_class/XADC/XADC.srcs/sources_1/new/show_high_low.v:36]
WARNING: [Synth 8-6104] Input port 'an2' has an internal driver [D:/my_homework/my_vivado_practice/project_practice_week10_on_class/XADC/XADC.srcs/sources_1/new/show_high_low.v:37]
WARNING: [Synth 8-6104] Input port 'a_to_g1' has an internal driver [D:/my_homework/my_vivado_practice/project_practice_week10_on_class/XADC/XADC.srcs/sources_1/new/show_high_low.v:43]
WARNING: [Synth 8-6104] Input port 'an1' has an internal driver [D:/my_homework/my_vivado_practice/project_practice_week10_on_class/XADC/XADC.srcs/sources_1/new/show_high_low.v:44]
INFO: [Synth 8-6155] done synthesizing module 'show_high_low' (6#1) [D:/my_homework/my_vivado_practice/project_practice_week10_on_class/XADC/XADC.srcs/sources_1/new/show_high_low.v:23]
WARNING: [Synth 8-3848] Net an1 in module/entity top_XADC_voltage does not have driver. [D:/my_homework/my_vivado_practice/project_practice_week10_on_class/XADC/XADC.srcs/sources_1/new/top_XADC_voltage.v:29]
WARNING: [Synth 8-3848] Net an2 in module/entity top_XADC_voltage does not have driver. [D:/my_homework/my_vivado_practice/project_practice_week10_on_class/XADC/XADC.srcs/sources_1/new/top_XADC_voltage.v:29]
WARNING: [Synth 8-3848] Net a_to_g1 in module/entity top_XADC_voltage does not have driver. [D:/my_homework/my_vivado_practice/project_practice_week10_on_class/XADC/XADC.srcs/sources_1/new/top_XADC_voltage.v:30]
WARNING: [Synth 8-3848] Net a_to_g2 in module/entity top_XADC_voltage does not have driver. [D:/my_homework/my_vivado_practice/project_practice_week10_on_class/XADC/XADC.srcs/sources_1/new/top_XADC_voltage.v:30]
INFO: [Synth 8-6155] done synthesizing module 'top_XADC_voltage' (7#1) [D:/my_homework/my_vivado_practice/project_practice_week10_on_class/XADC/XADC.srcs/sources_1/new/top_XADC_voltage.v:23]
WARNING: [Synth 8-3331] design bin2BCD has unconnected port binary[19]
WARNING: [Synth 8-3331] design bin2BCD has unconnected port binary[18]
WARNING: [Synth 8-3331] design bin2BCD has unconnected port binary[17]
WARNING: [Synth 8-3331] design bin2BCD has unconnected port binary[16]
WARNING: [Synth 8-3331] design bin2BCD has unconnected port binary[15]
WARNING: [Synth 8-3331] design bin2BCD has unconnected port binary[14]
WARNING: [Synth 8-3331] design bin2BCD has unconnected port binary[13]
WARNING: [Synth 8-3331] design bin2BCD has unconnected port binary[12]
WARNING: [Synth 8-3331] design bin2BCD has unconnected port binary[11]
WARNING: [Synth 8-3331] design bin2BCD has unconnected port binary[10]
WARNING: [Synth 8-3331] design bin2BCD has unconnected port binary[9]
WARNING: [Synth 8-3331] design bin2BCD has unconnected port binary[8]
WARNING: [Synth 8-3331] design bin2BCD has unconnected port binary[7]
WARNING: [Synth 8-3331] design bin2BCD has unconnected port binary[6]
WARNING: [Synth 8-3331] design bin2BCD has unconnected port binary[5]
WARNING: [Synth 8-3331] design bin2BCD has unconnected port binary[4]
WARNING: [Synth 8-3331] design bin2BCD has unconnected port binary[3]
WARNING: [Synth 8-3331] design bin2BCD has unconnected port binary[2]
WARNING: [Synth 8-3331] design bin2BCD has unconnected port binary[1]
WARNING: [Synth 8-3331] design bin2BCD has unconnected port binary[0]
WARNING: [Synth 8-3331] design data_output has unconnected port do_out[3]
WARNING: [Synth 8-3331] design data_output has unconnected port do_out[2]
WARNING: [Synth 8-3331] design data_output has unconnected port do_out[1]
WARNING: [Synth 8-3331] design data_output has unconnected port do_out[0]
---------------------------------------------------------------------------------
Finished RTL Elaboration : Time (s): cpu = 00:00:03 ; elapsed = 00:00:03 . Memory (MB): peak = 3618.199 ; gain = 0.000
---------------------------------------------------------------------------------

Report Check Netlist: 
+------+------------------+-------+---------+-------+------------------+
|      |Item              |Errors |Warnings |Status |Description       |
+------+------------------+-------+---------+-------+------------------+
|1     |multi_driven_nets |      0|        0|Passed |Multi driven nets |
+------+------------------+-------+---------+-------+------------------+
WARNING: [Synth 8-3295] tying undriven pin top_show_high_low:an1[3] to constant 0 [D:/my_homework/my_vivado_practice/project_practice_week10_on_class/XADC/XADC.srcs/sources_1/new/top_XADC_voltage.v:55]
WARNING: [Synth 8-3295] tying undriven pin top_show_high_low:an1[2] to constant 0 [D:/my_homework/my_vivado_practice/project_practice_week10_on_class/XADC/XADC.srcs/sources_1/new/top_XADC_voltage.v:55]
WARNING: [Synth 8-3295] tying undriven pin top_show_high_low:an1[1] to constant 0 [D:/my_homework/my_vivado_practice/project_practice_week10_on_class/XADC/XADC.srcs/sources_1/new/top_XADC_voltage.v:55]
WARNING: [Synth 8-3295] tying undriven pin top_show_high_low:an1[0] to constant 0 [D:/my_homework/my_vivado_practice/project_practice_week10_on_class/XADC/XADC.srcs/sources_1/new/top_XADC_voltage.v:55]
WARNING: [Synth 8-3295] tying undriven pin top_show_high_low:an2[3] to constant 0 [D:/my_homework/my_vivado_practice/project_practice_week10_on_class/XADC/XADC.srcs/sources_1/new/top_XADC_voltage.v:55]
WARNING: [Synth 8-3295] tying undriven pin top_show_high_low:an2[2] to constant 0 [D:/my_homework/my_vivado_practice/project_practice_week10_on_class/XADC/XADC.srcs/sources_1/new/top_XADC_voltage.v:55]
WARNING: [Synth 8-3295] tying undriven pin top_show_high_low:an2[1] to constant 0 [D:/my_homework/my_vivado_practice/project_practice_week10_on_class/XADC/XADC.srcs/sources_1/new/top_XADC_voltage.v:55]
WARNING: [Synth 8-3295] tying undriven pin top_show_high_low:an2[0] to constant 0 [D:/my_homework/my_vivado_practice/project_practice_week10_on_class/XADC/XADC.srcs/sources_1/new/top_XADC_voltage.v:55]
WARNING: [Synth 8-3295] tying undriven pin top_show_high_low:a_to_g1[7] to constant 0 [D:/my_homework/my_vivado_practice/project_practice_week10_on_class/XADC/XADC.srcs/sources_1/new/top_XADC_voltage.v:55]
WARNING: [Synth 8-3295] tying undriven pin top_show_high_low:a_to_g1[6] to constant 0 [D:/my_homework/my_vivado_practice/project_practice_week10_on_class/XADC/XADC.srcs/sources_1/new/top_XADC_voltage.v:55]
WARNING: [Synth 8-3295] tying undriven pin top_show_high_low:a_to_g1[5] to constant 0 [D:/my_homework/my_vivado_practice/project_practice_week10_on_class/XADC/XADC.srcs/sources_1/new/top_XADC_voltage.v:55]
WARNING: [Synth 8-3295] tying undriven pin top_show_high_low:a_to_g1[4] to constant 0 [D:/my_homework/my_vivado_practice/project_practice_week10_on_class/XADC/XADC.srcs/sources_1/new/top_XADC_voltage.v:55]
WARNING: [Synth 8-3295] tying undriven pin top_show_high_low:a_to_g1[3] to constant 0 [D:/my_homework/my_vivado_practice/project_practice_week10_on_class/XADC/XADC.srcs/sources_1/new/top_XADC_voltage.v:55]
WARNING: [Synth 8-3295] tying undriven pin top_show_high_low:a_to_g1[2] to constant 0 [D:/my_homework/my_vivado_practice/project_practice_week10_on_class/XADC/XADC.srcs/sources_1/new/top_XADC_voltage.v:55]
WARNING: [Synth 8-3295] tying undriven pin top_show_high_low:a_to_g1[1] to constant 0 [D:/my_homework/my_vivado_practice/project_practice_week10_on_class/XADC/XADC.srcs/sources_1/new/top_XADC_voltage.v:55]
WARNING: [Synth 8-3295] tying undriven pin top_show_high_low:a_to_g1[0] to constant 0 [D:/my_homework/my_vivado_practice/project_practice_week10_on_class/XADC/XADC.srcs/sources_1/new/top_XADC_voltage.v:55]
WARNING: [Synth 8-3295] tying undriven pin top_show_high_low:a_to_g2[7] to constant 0 [D:/my_homework/my_vivado_practice/project_practice_week10_on_class/XADC/XADC.srcs/sources_1/new/top_XADC_voltage.v:55]
WARNING: [Synth 8-3295] tying undriven pin top_show_high_low:a_to_g2[6] to constant 0 [D:/my_homework/my_vivado_practice/project_practice_week10_on_class/XADC/XADC.srcs/sources_1/new/top_XADC_voltage.v:55]
WARNING: [Synth 8-3295] tying undriven pin top_show_high_low:a_to_g2[5] to constant 0 [D:/my_homework/my_vivado_practice/project_practice_week10_on_class/XADC/XADC.srcs/sources_1/new/top_XADC_voltage.v:55]
WARNING: [Synth 8-3295] tying undriven pin top_show_high_low:a_to_g2[4] to constant 0 [D:/my_homework/my_vivado_practice/project_practice_week10_on_class/XADC/XADC.srcs/sources_1/new/top_XADC_voltage.v:55]
WARNING: [Synth 8-3295] tying undriven pin top_show_high_low:a_to_g2[3] to constant 0 [D:/my_homework/my_vivado_practice/project_practice_week10_on_class/XADC/XADC.srcs/sources_1/new/top_XADC_voltage.v:55]
WARNING: [Synth 8-3295] tying undriven pin top_show_high_low:a_to_g2[2] to constant 0 [D:/my_homework/my_vivado_practice/project_practice_week10_on_class/XADC/XADC.srcs/sources_1/new/top_XADC_voltage.v:55]
WARNING: [Synth 8-3295] tying undriven pin top_show_high_low:a_to_g2[1] to constant 0 [D:/my_homework/my_vivado_practice/project_practice_week10_on_class/XADC/XADC.srcs/sources_1/new/top_XADC_voltage.v:55]
WARNING: [Synth 8-3295] tying undriven pin top_show_high_low:a_to_g2[0] to constant 0 [D:/my_homework/my_vivado_practice/project_practice_week10_on_class/XADC/XADC.srcs/sources_1/new/top_XADC_voltage.v:55]
---------------------------------------------------------------------------------
Start Handling Custom Attributes
---------------------------------------------------------------------------------
---------------------------------------------------------------------------------
Finished Handling Custom Attributes : Time (s): cpu = 00:00:03 ; elapsed = 00:00:04 . Memory (MB): peak = 3618.199 ; gain = 0.000
---------------------------------------------------------------------------------
---------------------------------------------------------------------------------
Finished RTL Optimization Phase 1 : Time (s): cpu = 00:00:03 ; elapsed = 00:00:04 . Memory (MB): peak = 3618.199 ; gain = 0.000
---------------------------------------------------------------------------------
INFO: [Project 1-454] Reading design checkpoint 'd:/my_homework/my_vivado_practice/project_practice_week10_on_class/XADC/XADC.srcs/sources_1/ip/xadc_wiz_0/xadc_wiz_0.dcp' for cell 'top_xadc/u1'
INFO: [Netlist 29-17] Analyzing 1 Unisim elements for replacement
INFO: [Netlist 29-28] Unisim Transformation completed in 0 CPU seconds
INFO: [Project 1-479] Netlist was created with Vivado 2018.3
INFO: [Project 1-570] Preparing netlist for logic optimization
INFO: [Opt 31-140] Inserted 4 IBUFs to IO ports without IO buffers.

Processing XDC Constraints
Initializing timing engine
Parsing XDC File [d:/my_homework/my_vivado_practice/project_practice_week10_on_class/XADC/XADC.srcs/sources_1/ip/xadc_wiz_0/xadc_wiz_0.xdc] for cell 'top_xadc/u1/inst'
Finished Parsing XDC File [d:/my_homework/my_vivado_practice/project_practice_week10_on_class/XADC/XADC.srcs/sources_1/ip/xadc_wiz_0/xadc_wiz_0.xdc] for cell 'top_xadc/u1/inst'
Parsing XDC File [D:/my_homework/my_vivado_practice/project_practice_week10_on_class/XADC/XADC.srcs/constrs_1/new/XADC_voltage.xdc]
Finished Parsing XDC File [D:/my_homework/my_vivado_practice/project_practice_week10_on_class/XADC/XADC.srcs/constrs_1/new/XADC_voltage.xdc]
Completed Processing XDC Constraints

INFO: [Opt 31-138] Pushed 0 inverter(s) to 0 load pin(s).
Netlist sorting complete. Time (s): cpu = 00:00:00 ; elapsed = 00:00:00 . Memory (MB): peak = 3717.145 ; gain = 0.000
INFO: [Project 1-111] Unisim Transformation Summary:
No Unisim elements were transformed.

RTL Elaboration Complete:  : Time (s): cpu = 00:00:07 ; elapsed = 00:00:07 . Memory (MB): peak = 3717.145 ; gain = 98.945
23 Infos, 57 Warnings, 0 Critical Warnings and 0 Errors encountered.
synth_design completed successfully
synth_design: Time (s): cpu = 00:00:07 ; elapsed = 00:00:07 . Memory (MB): peak = 3717.145 ; gain = 102.977
reset_run synth_1
launch_runs synth_1 -jobs 4
[Wed May  1 17:23:37 2024] Launched synth_1...
Run output will be captured here: D:/my_homework/my_vivado_practice/project_practice_week10_on_class/XADC/XADC.runs/synth_1/runme.log
launch_runs impl_1 -jobs 4
[Wed May  1 17:24:21 2024] Launched impl_1...
Run output will be captured here: D:/my_homework/my_vivado_practice/project_practice_week10_on_class/XADC/XADC.runs/impl_1/runme.log
launch_runs impl_1 -to_step write_bitstream -jobs 4
[Wed May  1 17:25:42 2024] Launched impl_1...
Run output will be captured here: D:/my_homework/my_vivado_practice/project_practice_week10_on_class/XADC/XADC.runs/impl_1/runme.log
open_hw
connect_hw_server
INFO: [Labtools 27-2285] Connecting to hw_server url TCP:localhost:3121
INFO: [Labtools 27-2222] Launching hw_server...
INFO: [Labtools 27-2221] Launch Output:

****** Xilinx hw_server v2018.3
  **** Build date : Dec  7 2018-00:40:27
    ** Copyright 1986-2018 Xilinx, Inc. All Rights Reserved.


open_hw_target
INFO: [Labtoolstcl 44-466] Opening hw_target localhost:3121/xilinx_tcf/Xilinx/1234-tulA
set_property PROGRAM.FILE {D:/my_homework/my_vivado_practice/project_practice_week10_on_class/XADC/XADC.runs/impl_1/top_XADC_voltage.bit} [get_hw_devices xc7a35t_0]
current_hw_device [get_hw_devices xc7a35t_0]
refresh_hw_device -update_hw_probes false [lindex [get_hw_devices xc7a35t_0] 0]
INFO: [Labtools 27-1434] Device xc7a35t (JTAG device index = 0) is programmed with a design that has no supported debug core(s) in it.
set_property PROBES.FILE {} [get_hw_devices xc7a35t_0]
set_property FULL_PROBES.FILE {} [get_hw_devices xc7a35t_0]
set_property PROGRAM.FILE {D:/my_homework/my_vivado_practice/project_practice_week10_on_class/XADC/XADC.runs/impl_1/top_XADC_voltage.bit} [get_hw_devices xc7a35t_0]
program_hw_devices [get_hw_devices xc7a35t_0]
INFO: [Labtools 27-3164] End of startup status: HIGH
refresh_hw_device [lindex [get_hw_devices xc7a35t_0] 0]
INFO: [Labtools 27-1434] Device xc7a35t (JTAG device index = 0) is programmed with a design that has no supported debug core(s) in it.
close_hw
refresh_design
---------------------------------------------------------------------------------
Starting RTL Elaboration : Time (s): cpu = 00:00:02 ; elapsed = 00:00:03 . Memory (MB): peak = 3717.145 ; gain = 0.000
---------------------------------------------------------------------------------
INFO: [Synth 8-6157] synthesizing module 'top_XADC_voltage' [D:/my_homework/my_vivado_practice/project_practice_week10_on_class/XADC/XADC.srcs/sources_1/new/top_XADC_voltage.v:23]
INFO: [Synth 8-6157] synthesizing module 'XADC_channel_1' [D:/my_homework/my_vivado_practice/project_practice_week10_on_class/XADC/XADC.srcs/sources_1/new/XADC_channel_1.v:23]
INFO: [Synth 8-6157] synthesizing module 'xadc_wiz_0' [D:/my_homework/my_vivado_practice/project_practice_week10_on_class/XADC/.Xil/Vivado-5460-LAPTOP-CCNJK6NK/realtime/xadc_wiz_0_stub.v:5]
INFO: [Synth 8-6155] done synthesizing module 'xadc_wiz_0' (1#1) [D:/my_homework/my_vivado_practice/project_practice_week10_on_class/XADC/.Xil/Vivado-5460-LAPTOP-CCNJK6NK/realtime/xadc_wiz_0_stub.v:5]
INFO: [Synth 8-6155] done synthesizing module 'XADC_channel_1' (2#1) [D:/my_homework/my_vivado_practice/project_practice_week10_on_class/XADC/XADC.srcs/sources_1/new/XADC_channel_1.v:23]
INFO: [Synth 8-6157] synthesizing module 'data_output' [D:/my_homework/my_vivado_practice/project_practice_week10_on_class/XADC/XADC.srcs/sources_1/new/data_output.v:23]
INFO: [Synth 8-6155] done synthesizing module 'data_output' (3#1) [D:/my_homework/my_vivado_practice/project_practice_week10_on_class/XADC/XADC.srcs/sources_1/new/data_output.v:23]
INFO: [Synth 8-6157] synthesizing module 'bin2BCD' [D:/my_homework/my_vivado_practice/project_practice_week10_on_class/XADC/XADC.srcs/sources_1/new/bin2BCD.v:23]
INFO: [Synth 8-6155] done synthesizing module 'bin2BCD' (4#1) [D:/my_homework/my_vivado_practice/project_practice_week10_on_class/XADC/XADC.srcs/sources_1/new/bin2BCD.v:23]
WARNING: [Synth 8-4446] all outputs are unconnected for this instance and logic may be removed [D:/my_homework/my_vivado_practice/project_practice_week10_on_class/XADC/XADC.srcs/sources_1/new/top_XADC_voltage.v:55]
INFO: [Synth 8-6157] synthesizing module 'show_high_low' [D:/my_homework/my_vivado_practice/project_practice_week10_on_class/XADC/XADC.srcs/sources_1/new/show_high_low.v:23]
INFO: [Synth 8-6157] synthesizing module 'show' [D:/my_homework/my_vivado_practice/project_practice_week10_on_class/XADC/XADC.srcs/sources_1/new/show.v:23]
INFO: [Synth 8-226] default block is never used [D:/my_homework/my_vivado_practice/project_practice_week10_on_class/XADC/XADC.srcs/sources_1/new/show.v:111]
INFO: [Synth 8-6155] done synthesizing module 'show' (5#1) [D:/my_homework/my_vivado_practice/project_practice_week10_on_class/XADC/XADC.srcs/sources_1/new/show.v:23]
WARNING: [Synth 8-6104] Input port 'a_to_g2' has an internal driver [D:/my_homework/my_vivado_practice/project_practice_week10_on_class/XADC/XADC.srcs/sources_1/new/show_high_low.v:36]
WARNING: [Synth 8-6104] Input port 'an2' has an internal driver [D:/my_homework/my_vivado_practice/project_practice_week10_on_class/XADC/XADC.srcs/sources_1/new/show_high_low.v:37]
WARNING: [Synth 8-6104] Input port 'a_to_g1' has an internal driver [D:/my_homework/my_vivado_practice/project_practice_week10_on_class/XADC/XADC.srcs/sources_1/new/show_high_low.v:43]
WARNING: [Synth 8-6104] Input port 'an1' has an internal driver [D:/my_homework/my_vivado_practice/project_practice_week10_on_class/XADC/XADC.srcs/sources_1/new/show_high_low.v:44]
INFO: [Synth 8-6155] done synthesizing module 'show_high_low' (6#1) [D:/my_homework/my_vivado_practice/project_practice_week10_on_class/XADC/XADC.srcs/sources_1/new/show_high_low.v:23]
WARNING: [Synth 8-3848] Net an1 in module/entity top_XADC_voltage does not have driver. [D:/my_homework/my_vivado_practice/project_practice_week10_on_class/XADC/XADC.srcs/sources_1/new/top_XADC_voltage.v:29]
WARNING: [Synth 8-3848] Net an2 in module/entity top_XADC_voltage does not have driver. [D:/my_homework/my_vivado_practice/project_practice_week10_on_class/XADC/XADC.srcs/sources_1/new/top_XADC_voltage.v:29]
WARNING: [Synth 8-3848] Net a_to_g1 in module/entity top_XADC_voltage does not have driver. [D:/my_homework/my_vivado_practice/project_practice_week10_on_class/XADC/XADC.srcs/sources_1/new/top_XADC_voltage.v:30]
WARNING: [Synth 8-3848] Net a_to_g2 in module/entity top_XADC_voltage does not have driver. [D:/my_homework/my_vivado_practice/project_practice_week10_on_class/XADC/XADC.srcs/sources_1/new/top_XADC_voltage.v:30]
INFO: [Synth 8-6155] done synthesizing module 'top_XADC_voltage' (7#1) [D:/my_homework/my_vivado_practice/project_practice_week10_on_class/XADC/XADC.srcs/sources_1/new/top_XADC_voltage.v:23]
WARNING: [Synth 8-3331] design data_output has unconnected port do_out[3]
WARNING: [Synth 8-3331] design data_output has unconnected port do_out[2]
WARNING: [Synth 8-3331] design data_output has unconnected port do_out[1]
WARNING: [Synth 8-3331] design data_output has unconnected port do_out[0]
---------------------------------------------------------------------------------
Finished RTL Elaboration : Time (s): cpu = 00:00:03 ; elapsed = 00:00:03 . Memory (MB): peak = 3717.145 ; gain = 0.000
---------------------------------------------------------------------------------

Report Check Netlist: 
+------+------------------+-------+---------+-------+------------------+
|      |Item              |Errors |Warnings |Status |Description       |
+------+------------------+-------+---------+-------+------------------+
|1     |multi_driven_nets |      0|        0|Passed |Multi driven nets |
+------+------------------+-------+---------+-------+------------------+
WARNING: [Synth 8-3295] tying undriven pin top_show_high_low:an1[3] to constant 0 [D:/my_homework/my_vivado_practice/project_practice_week10_on_class/XADC/XADC.srcs/sources_1/new/top_XADC_voltage.v:55]
WARNING: [Synth 8-3295] tying undriven pin top_show_high_low:an1[2] to constant 0 [D:/my_homework/my_vivado_practice/project_practice_week10_on_class/XADC/XADC.srcs/sources_1/new/top_XADC_voltage.v:55]
WARNING: [Synth 8-3295] tying undriven pin top_show_high_low:an1[1] to constant 0 [D:/my_homework/my_vivado_practice/project_practice_week10_on_class/XADC/XADC.srcs/sources_1/new/top_XADC_voltage.v:55]
WARNING: [Synth 8-3295] tying undriven pin top_show_high_low:an1[0] to constant 0 [D:/my_homework/my_vivado_practice/project_practice_week10_on_class/XADC/XADC.srcs/sources_1/new/top_XADC_voltage.v:55]
WARNING: [Synth 8-3295] tying undriven pin top_show_high_low:an2[3] to constant 0 [D:/my_homework/my_vivado_practice/project_practice_week10_on_class/XADC/XADC.srcs/sources_1/new/top_XADC_voltage.v:55]
WARNING: [Synth 8-3295] tying undriven pin top_show_high_low:an2[2] to constant 0 [D:/my_homework/my_vivado_practice/project_practice_week10_on_class/XADC/XADC.srcs/sources_1/new/top_XADC_voltage.v:55]
WARNING: [Synth 8-3295] tying undriven pin top_show_high_low:an2[1] to constant 0 [D:/my_homework/my_vivado_practice/project_practice_week10_on_class/XADC/XADC.srcs/sources_1/new/top_XADC_voltage.v:55]
WARNING: [Synth 8-3295] tying undriven pin top_show_high_low:an2[0] to constant 0 [D:/my_homework/my_vivado_practice/project_practice_week10_on_class/XADC/XADC.srcs/sources_1/new/top_XADC_voltage.v:55]
WARNING: [Synth 8-3295] tying undriven pin top_show_high_low:a_to_g1[7] to constant 0 [D:/my_homework/my_vivado_practice/project_practice_week10_on_class/XADC/XADC.srcs/sources_1/new/top_XADC_voltage.v:55]
WARNING: [Synth 8-3295] tying undriven pin top_show_high_low:a_to_g1[6] to constant 0 [D:/my_homework/my_vivado_practice/project_practice_week10_on_class/XADC/XADC.srcs/sources_1/new/top_XADC_voltage.v:55]
WARNING: [Synth 8-3295] tying undriven pin top_show_high_low:a_to_g1[5] to constant 0 [D:/my_homework/my_vivado_practice/project_practice_week10_on_class/XADC/XADC.srcs/sources_1/new/top_XADC_voltage.v:55]
WARNING: [Synth 8-3295] tying undriven pin top_show_high_low:a_to_g1[4] to constant 0 [D:/my_homework/my_vivado_practice/project_practice_week10_on_class/XADC/XADC.srcs/sources_1/new/top_XADC_voltage.v:55]
WARNING: [Synth 8-3295] tying undriven pin top_show_high_low:a_to_g1[3] to constant 0 [D:/my_homework/my_vivado_practice/project_practice_week10_on_class/XADC/XADC.srcs/sources_1/new/top_XADC_voltage.v:55]
WARNING: [Synth 8-3295] tying undriven pin top_show_high_low:a_to_g1[2] to constant 0 [D:/my_homework/my_vivado_practice/project_practice_week10_on_class/XADC/XADC.srcs/sources_1/new/top_XADC_voltage.v:55]
WARNING: [Synth 8-3295] tying undriven pin top_show_high_low:a_to_g1[1] to constant 0 [D:/my_homework/my_vivado_practice/project_practice_week10_on_class/XADC/XADC.srcs/sources_1/new/top_XADC_voltage.v:55]
WARNING: [Synth 8-3295] tying undriven pin top_show_high_low:a_to_g1[0] to constant 0 [D:/my_homework/my_vivado_practice/project_practice_week10_on_class/XADC/XADC.srcs/sources_1/new/top_XADC_voltage.v:55]
WARNING: [Synth 8-3295] tying undriven pin top_show_high_low:a_to_g2[7] to constant 0 [D:/my_homework/my_vivado_practice/project_practice_week10_on_class/XADC/XADC.srcs/sources_1/new/top_XADC_voltage.v:55]
WARNING: [Synth 8-3295] tying undriven pin top_show_high_low:a_to_g2[6] to constant 0 [D:/my_homework/my_vivado_practice/project_practice_week10_on_class/XADC/XADC.srcs/sources_1/new/top_XADC_voltage.v:55]
WARNING: [Synth 8-3295] tying undriven pin top_show_high_low:a_to_g2[5] to constant 0 [D:/my_homework/my_vivado_practice/project_practice_week10_on_class/XADC/XADC.srcs/sources_1/new/top_XADC_voltage.v:55]
WARNING: [Synth 8-3295] tying undriven pin top_show_high_low:a_to_g2[4] to constant 0 [D:/my_homework/my_vivado_practice/project_practice_week10_on_class/XADC/XADC.srcs/sources_1/new/top_XADC_voltage.v:55]
WARNING: [Synth 8-3295] tying undriven pin top_show_high_low:a_to_g2[3] to constant 0 [D:/my_homework/my_vivado_practice/project_practice_week10_on_class/XADC/XADC.srcs/sources_1/new/top_XADC_voltage.v:55]
WARNING: [Synth 8-3295] tying undriven pin top_show_high_low:a_to_g2[2] to constant 0 [D:/my_homework/my_vivado_practice/project_practice_week10_on_class/XADC/XADC.srcs/sources_1/new/top_XADC_voltage.v:55]
WARNING: [Synth 8-3295] tying undriven pin top_show_high_low:a_to_g2[1] to constant 0 [D:/my_homework/my_vivado_practice/project_practice_week10_on_class/XADC/XADC.srcs/sources_1/new/top_XADC_voltage.v:55]
WARNING: [Synth 8-3295] tying undriven pin top_show_high_low:a_to_g2[0] to constant 0 [D:/my_homework/my_vivado_practice/project_practice_week10_on_class/XADC/XADC.srcs/sources_1/new/top_XADC_voltage.v:55]
---------------------------------------------------------------------------------
Start Handling Custom Attributes
---------------------------------------------------------------------------------
---------------------------------------------------------------------------------
Finished Handling Custom Attributes : Time (s): cpu = 00:00:03 ; elapsed = 00:00:04 . Memory (MB): peak = 3717.145 ; gain = 0.000
---------------------------------------------------------------------------------
---------------------------------------------------------------------------------
Finished RTL Optimization Phase 1 : Time (s): cpu = 00:00:03 ; elapsed = 00:00:04 . Memory (MB): peak = 3717.145 ; gain = 0.000
---------------------------------------------------------------------------------
INFO: [Project 1-454] Reading design checkpoint 'd:/my_homework/my_vivado_practice/project_practice_week10_on_class/XADC/XADC.srcs/sources_1/ip/xadc_wiz_0/xadc_wiz_0.dcp' for cell 'top_xadc/u1'
INFO: [Netlist 29-17] Analyzing 1 Unisim elements for replacement
INFO: [Netlist 29-28] Unisim Transformation completed in 0 CPU seconds
INFO: [Project 1-479] Netlist was created with Vivado 2018.3
INFO: [Project 1-570] Preparing netlist for logic optimization
INFO: [Opt 31-140] Inserted 4 IBUFs to IO ports without IO buffers.

Processing XDC Constraints
Initializing timing engine
Parsing XDC File [d:/my_homework/my_vivado_practice/project_practice_week10_on_class/XADC/XADC.srcs/sources_1/ip/xadc_wiz_0/xadc_wiz_0.xdc] for cell 'top_xadc/u1/inst'
Finished Parsing XDC File [d:/my_homework/my_vivado_practice/project_practice_week10_on_class/XADC/XADC.srcs/sources_1/ip/xadc_wiz_0/xadc_wiz_0.xdc] for cell 'top_xadc/u1/inst'
Parsing XDC File [D:/my_homework/my_vivado_practice/project_practice_week10_on_class/XADC/XADC.srcs/constrs_1/new/XADC_voltage.xdc]
Finished Parsing XDC File [D:/my_homework/my_vivado_practice/project_practice_week10_on_class/XADC/XADC.srcs/constrs_1/new/XADC_voltage.xdc]
Completed Processing XDC Constraints

INFO: [Opt 31-138] Pushed 0 inverter(s) to 0 load pin(s).
refresh_design: Time (s): cpu = 00:00:08 ; elapsed = 00:00:14 . Memory (MB): peak = 3717.145 ; gain = 0.000
reset_run synth_1
launch_runs impl_1 -to_step write_bitstream -jobs 4
[Wed May  1 17:28:59 2024] Launched synth_1...
Run output will be captured here: D:/my_homework/my_vivado_practice/project_practice_week10_on_class/XADC/XADC.runs/synth_1/runme.log
[Wed May  1 17:28:59 2024] Launched impl_1...
Run output will be captured here: D:/my_homework/my_vivado_practice/project_practice_week10_on_class/XADC/XADC.runs/impl_1/runme.log
open_hw
connect_hw_server
INFO: [Labtools 27-2285] Connecting to hw_server url TCP:localhost:3121
INFO: [Labtools 27-2222] Launching hw_server...
INFO: [Labtools 27-2221] Launch Output:

****** Xilinx hw_server v2018.3
  **** Build date : Dec  7 2018-00:40:27
    ** Copyright 1986-2018 Xilinx, Inc. All Rights Reserved.


open_hw_target
INFO: [Labtoolstcl 44-466] Opening hw_target localhost:3121/xilinx_tcf/Xilinx/1234-tulA
set_property PROGRAM.FILE {D:/my_homework/my_vivado_practice/project_practice_week10_on_class/XADC/XADC.runs/impl_1/top_XADC_voltage.bit} [get_hw_devices xc7a35t_0]
current_hw_device [get_hw_devices xc7a35t_0]
refresh_hw_device -update_hw_probes false [lindex [get_hw_devices xc7a35t_0] 0]
INFO: [Labtools 27-1434] Device xc7a35t (JTAG device index = 0) is programmed with a design that has no supported debug core(s) in it.
set_property PROBES.FILE {} [get_hw_devices xc7a35t_0]
set_property FULL_PROBES.FILE {} [get_hw_devices xc7a35t_0]
set_property PROGRAM.FILE {D:/my_homework/my_vivado_practice/project_practice_week10_on_class/XADC/XADC.runs/impl_1/top_XADC_voltage.bit} [get_hw_devices xc7a35t_0]
program_hw_devices [get_hw_devices xc7a35t_0]
INFO: [Labtools 27-3164] End of startup status: HIGH
refresh_hw_device [lindex [get_hw_devices xc7a35t_0] 0]
INFO: [Labtools 27-1434] Device xc7a35t (JTAG device index = 0) is programmed with a design that has no supported debug core(s) in it.
close_hw
close_design
synth_design -rtl -name rtl_1
Command: synth_design -rtl -name rtl_1
Starting synth_design
Using part: xc7a35tcsg324-1
Top: top_XADC_voltage
---------------------------------------------------------------------------------
Starting RTL Elaboration : Time (s): cpu = 00:00:02 ; elapsed = 00:00:03 . Memory (MB): peak = 3717.145 ; gain = 0.000
---------------------------------------------------------------------------------
INFO: [Synth 8-6157] synthesizing module 'top_XADC_voltage' [D:/my_homework/my_vivado_practice/project_practice_week10_on_class/XADC/XADC.srcs/sources_1/new/top_XADC_voltage.v:23]
INFO: [Synth 8-6157] synthesizing module 'XADC_channel_1' [D:/my_homework/my_vivado_practice/project_practice_week10_on_class/XADC/XADC.srcs/sources_1/new/XADC_channel_1.v:23]
INFO: [Synth 8-6157] synthesizing module 'xadc_wiz_0' [D:/my_homework/my_vivado_practice/project_practice_week10_on_class/XADC/.Xil/Vivado-5460-LAPTOP-CCNJK6NK/realtime/xadc_wiz_0_stub.v:5]
INFO: [Synth 8-6155] done synthesizing module 'xadc_wiz_0' (1#1) [D:/my_homework/my_vivado_practice/project_practice_week10_on_class/XADC/.Xil/Vivado-5460-LAPTOP-CCNJK6NK/realtime/xadc_wiz_0_stub.v:5]
INFO: [Synth 8-6155] done synthesizing module 'XADC_channel_1' (2#1) [D:/my_homework/my_vivado_practice/project_practice_week10_on_class/XADC/XADC.srcs/sources_1/new/XADC_channel_1.v:23]
INFO: [Synth 8-6157] synthesizing module 'data_output' [D:/my_homework/my_vivado_practice/project_practice_week10_on_class/XADC/XADC.srcs/sources_1/new/data_output.v:23]
INFO: [Synth 8-6155] done synthesizing module 'data_output' (3#1) [D:/my_homework/my_vivado_practice/project_practice_week10_on_class/XADC/XADC.srcs/sources_1/new/data_output.v:23]
INFO: [Synth 8-6157] synthesizing module 'bin2BCD' [D:/my_homework/my_vivado_practice/project_practice_week10_on_class/XADC/XADC.srcs/sources_1/new/bin2BCD.v:23]
INFO: [Synth 8-6155] done synthesizing module 'bin2BCD' (4#1) [D:/my_homework/my_vivado_practice/project_practice_week10_on_class/XADC/XADC.srcs/sources_1/new/bin2BCD.v:23]
WARNING: [Synth 8-4446] all outputs are unconnected for this instance and logic may be removed [D:/my_homework/my_vivado_practice/project_practice_week10_on_class/XADC/XADC.srcs/sources_1/new/top_XADC_voltage.v:55]
INFO: [Synth 8-6157] synthesizing module 'show_high_low' [D:/my_homework/my_vivado_practice/project_practice_week10_on_class/XADC/XADC.srcs/sources_1/new/show_high_low.v:23]
INFO: [Synth 8-6157] synthesizing module 'show' [D:/my_homework/my_vivado_practice/project_practice_week10_on_class/XADC/XADC.srcs/sources_1/new/show.v:23]
INFO: [Synth 8-226] default block is never used [D:/my_homework/my_vivado_practice/project_practice_week10_on_class/XADC/XADC.srcs/sources_1/new/show.v:111]
INFO: [Synth 8-6155] done synthesizing module 'show' (5#1) [D:/my_homework/my_vivado_practice/project_practice_week10_on_class/XADC/XADC.srcs/sources_1/new/show.v:23]
WARNING: [Synth 8-6104] Input port 'a_to_g2' has an internal driver [D:/my_homework/my_vivado_practice/project_practice_week10_on_class/XADC/XADC.srcs/sources_1/new/show_high_low.v:36]
WARNING: [Synth 8-6104] Input port 'an2' has an internal driver [D:/my_homework/my_vivado_practice/project_practice_week10_on_class/XADC/XADC.srcs/sources_1/new/show_high_low.v:37]
WARNING: [Synth 8-6104] Input port 'a_to_g1' has an internal driver [D:/my_homework/my_vivado_practice/project_practice_week10_on_class/XADC/XADC.srcs/sources_1/new/show_high_low.v:43]
WARNING: [Synth 8-6104] Input port 'an1' has an internal driver [D:/my_homework/my_vivado_practice/project_practice_week10_on_class/XADC/XADC.srcs/sources_1/new/show_high_low.v:44]
INFO: [Synth 8-6155] done synthesizing module 'show_high_low' (6#1) [D:/my_homework/my_vivado_practice/project_practice_week10_on_class/XADC/XADC.srcs/sources_1/new/show_high_low.v:23]
WARNING: [Synth 8-3848] Net an1 in module/entity top_XADC_voltage does not have driver. [D:/my_homework/my_vivado_practice/project_practice_week10_on_class/XADC/XADC.srcs/sources_1/new/top_XADC_voltage.v:29]
WARNING: [Synth 8-3848] Net an2 in module/entity top_XADC_voltage does not have driver. [D:/my_homework/my_vivado_practice/project_practice_week10_on_class/XADC/XADC.srcs/sources_1/new/top_XADC_voltage.v:29]
WARNING: [Synth 8-3848] Net a_to_g1 in module/entity top_XADC_voltage does not have driver. [D:/my_homework/my_vivado_practice/project_practice_week10_on_class/XADC/XADC.srcs/sources_1/new/top_XADC_voltage.v:30]
WARNING: [Synth 8-3848] Net a_to_g2 in module/entity top_XADC_voltage does not have driver. [D:/my_homework/my_vivado_practice/project_practice_week10_on_class/XADC/XADC.srcs/sources_1/new/top_XADC_voltage.v:30]
INFO: [Synth 8-6155] done synthesizing module 'top_XADC_voltage' (7#1) [D:/my_homework/my_vivado_practice/project_practice_week10_on_class/XADC/XADC.srcs/sources_1/new/top_XADC_voltage.v:23]
WARNING: [Synth 8-3331] design data_output has unconnected port do_out[3]
WARNING: [Synth 8-3331] design data_output has unconnected port do_out[2]
WARNING: [Synth 8-3331] design data_output has unconnected port do_out[1]
WARNING: [Synth 8-3331] design data_output has unconnected port do_out[0]
---------------------------------------------------------------------------------
Finished RTL Elaboration : Time (s): cpu = 00:00:03 ; elapsed = 00:00:04 . Memory (MB): peak = 3717.145 ; gain = 0.000
---------------------------------------------------------------------------------

Report Check Netlist: 
+------+------------------+-------+---------+-------+------------------+
|      |Item              |Errors |Warnings |Status |Description       |
+------+------------------+-------+---------+-------+------------------+
|1     |multi_driven_nets |      0|        0|Passed |Multi driven nets |
+------+------------------+-------+---------+-------+------------------+
WARNING: [Synth 8-3295] tying undriven pin top_show_high_low:an1[3] to constant 0 [D:/my_homework/my_vivado_practice/project_practice_week10_on_class/XADC/XADC.srcs/sources_1/new/top_XADC_voltage.v:55]
WARNING: [Synth 8-3295] tying undriven pin top_show_high_low:an1[2] to constant 0 [D:/my_homework/my_vivado_practice/project_practice_week10_on_class/XADC/XADC.srcs/sources_1/new/top_XADC_voltage.v:55]
WARNING: [Synth 8-3295] tying undriven pin top_show_high_low:an1[1] to constant 0 [D:/my_homework/my_vivado_practice/project_practice_week10_on_class/XADC/XADC.srcs/sources_1/new/top_XADC_voltage.v:55]
WARNING: [Synth 8-3295] tying undriven pin top_show_high_low:an1[0] to constant 0 [D:/my_homework/my_vivado_practice/project_practice_week10_on_class/XADC/XADC.srcs/sources_1/new/top_XADC_voltage.v:55]
WARNING: [Synth 8-3295] tying undriven pin top_show_high_low:an2[3] to constant 0 [D:/my_homework/my_vivado_practice/project_practice_week10_on_class/XADC/XADC.srcs/sources_1/new/top_XADC_voltage.v:55]
WARNING: [Synth 8-3295] tying undriven pin top_show_high_low:an2[2] to constant 0 [D:/my_homework/my_vivado_practice/project_practice_week10_on_class/XADC/XADC.srcs/sources_1/new/top_XADC_voltage.v:55]
WARNING: [Synth 8-3295] tying undriven pin top_show_high_low:an2[1] to constant 0 [D:/my_homework/my_vivado_practice/project_practice_week10_on_class/XADC/XADC.srcs/sources_1/new/top_XADC_voltage.v:55]
WARNING: [Synth 8-3295] tying undriven pin top_show_high_low:an2[0] to constant 0 [D:/my_homework/my_vivado_practice/project_practice_week10_on_class/XADC/XADC.srcs/sources_1/new/top_XADC_voltage.v:55]
WARNING: [Synth 8-3295] tying undriven pin top_show_high_low:a_to_g1[7] to constant 0 [D:/my_homework/my_vivado_practice/project_practice_week10_on_class/XADC/XADC.srcs/sources_1/new/top_XADC_voltage.v:55]
WARNING: [Synth 8-3295] tying undriven pin top_show_high_low:a_to_g1[6] to constant 0 [D:/my_homework/my_vivado_practice/project_practice_week10_on_class/XADC/XADC.srcs/sources_1/new/top_XADC_voltage.v:55]
WARNING: [Synth 8-3295] tying undriven pin top_show_high_low:a_to_g1[5] to constant 0 [D:/my_homework/my_vivado_practice/project_practice_week10_on_class/XADC/XADC.srcs/sources_1/new/top_XADC_voltage.v:55]
WARNING: [Synth 8-3295] tying undriven pin top_show_high_low:a_to_g1[4] to constant 0 [D:/my_homework/my_vivado_practice/project_practice_week10_on_class/XADC/XADC.srcs/sources_1/new/top_XADC_voltage.v:55]
WARNING: [Synth 8-3295] tying undriven pin top_show_high_low:a_to_g1[3] to constant 0 [D:/my_homework/my_vivado_practice/project_practice_week10_on_class/XADC/XADC.srcs/sources_1/new/top_XADC_voltage.v:55]
WARNING: [Synth 8-3295] tying undriven pin top_show_high_low:a_to_g1[2] to constant 0 [D:/my_homework/my_vivado_practice/project_practice_week10_on_class/XADC/XADC.srcs/sources_1/new/top_XADC_voltage.v:55]
WARNING: [Synth 8-3295] tying undriven pin top_show_high_low:a_to_g1[1] to constant 0 [D:/my_homework/my_vivado_practice/project_practice_week10_on_class/XADC/XADC.srcs/sources_1/new/top_XADC_voltage.v:55]
WARNING: [Synth 8-3295] tying undriven pin top_show_high_low:a_to_g1[0] to constant 0 [D:/my_homework/my_vivado_practice/project_practice_week10_on_class/XADC/XADC.srcs/sources_1/new/top_XADC_voltage.v:55]
WARNING: [Synth 8-3295] tying undriven pin top_show_high_low:a_to_g2[7] to constant 0 [D:/my_homework/my_vivado_practice/project_practice_week10_on_class/XADC/XADC.srcs/sources_1/new/top_XADC_voltage.v:55]
WARNING: [Synth 8-3295] tying undriven pin top_show_high_low:a_to_g2[6] to constant 0 [D:/my_homework/my_vivado_practice/project_practice_week10_on_class/XADC/XADC.srcs/sources_1/new/top_XADC_voltage.v:55]
WARNING: [Synth 8-3295] tying undriven pin top_show_high_low:a_to_g2[5] to constant 0 [D:/my_homework/my_vivado_practice/project_practice_week10_on_class/XADC/XADC.srcs/sources_1/new/top_XADC_voltage.v:55]
WARNING: [Synth 8-3295] tying undriven pin top_show_high_low:a_to_g2[4] to constant 0 [D:/my_homework/my_vivado_practice/project_practice_week10_on_class/XADC/XADC.srcs/sources_1/new/top_XADC_voltage.v:55]
WARNING: [Synth 8-3295] tying undriven pin top_show_high_low:a_to_g2[3] to constant 0 [D:/my_homework/my_vivado_practice/project_practice_week10_on_class/XADC/XADC.srcs/sources_1/new/top_XADC_voltage.v:55]
WARNING: [Synth 8-3295] tying undriven pin top_show_high_low:a_to_g2[2] to constant 0 [D:/my_homework/my_vivado_practice/project_practice_week10_on_class/XADC/XADC.srcs/sources_1/new/top_XADC_voltage.v:55]
WARNING: [Synth 8-3295] tying undriven pin top_show_high_low:a_to_g2[1] to constant 0 [D:/my_homework/my_vivado_practice/project_practice_week10_on_class/XADC/XADC.srcs/sources_1/new/top_XADC_voltage.v:55]
WARNING: [Synth 8-3295] tying undriven pin top_show_high_low:a_to_g2[0] to constant 0 [D:/my_homework/my_vivado_practice/project_practice_week10_on_class/XADC/XADC.srcs/sources_1/new/top_XADC_voltage.v:55]
---------------------------------------------------------------------------------
Start Handling Custom Attributes
---------------------------------------------------------------------------------
---------------------------------------------------------------------------------
Finished Handling Custom Attributes : Time (s): cpu = 00:00:03 ; elapsed = 00:00:04 . Memory (MB): peak = 3717.145 ; gain = 0.000
---------------------------------------------------------------------------------
---------------------------------------------------------------------------------
Finished RTL Optimization Phase 1 : Time (s): cpu = 00:00:03 ; elapsed = 00:00:04 . Memory (MB): peak = 3717.145 ; gain = 0.000
---------------------------------------------------------------------------------
INFO: [Project 1-454] Reading design checkpoint 'd:/my_homework/my_vivado_practice/project_practice_week10_on_class/XADC/XADC.srcs/sources_1/ip/xadc_wiz_0/xadc_wiz_0.dcp' for cell 'top_xadc/u1'
INFO: [Netlist 29-17] Analyzing 1 Unisim elements for replacement
INFO: [Netlist 29-28] Unisim Transformation completed in 0 CPU seconds
INFO: [Project 1-479] Netlist was created with Vivado 2018.3
INFO: [Project 1-570] Preparing netlist for logic optimization
INFO: [Opt 31-140] Inserted 4 IBUFs to IO ports without IO buffers.

Processing XDC Constraints
Initializing timing engine
Parsing XDC File [d:/my_homework/my_vivado_practice/project_practice_week10_on_class/XADC/XADC.srcs/sources_1/ip/xadc_wiz_0/xadc_wiz_0.xdc] for cell 'top_xadc/u1/inst'
Finished Parsing XDC File [d:/my_homework/my_vivado_practice/project_practice_week10_on_class/XADC/XADC.srcs/sources_1/ip/xadc_wiz_0/xadc_wiz_0.xdc] for cell 'top_xadc/u1/inst'
Parsing XDC File [D:/my_homework/my_vivado_practice/project_practice_week10_on_class/XADC/XADC.srcs/constrs_1/new/XADC_voltage.xdc]
Finished Parsing XDC File [D:/my_homework/my_vivado_practice/project_practice_week10_on_class/XADC/XADC.srcs/constrs_1/new/XADC_voltage.xdc]
Completed Processing XDC Constraints

INFO: [Opt 31-138] Pushed 0 inverter(s) to 0 load pin(s).
Netlist sorting complete. Time (s): cpu = 00:00:00 ; elapsed = 00:00:00 . Memory (MB): peak = 3717.145 ; gain = 0.000
INFO: [Project 1-111] Unisim Transformation Summary:
No Unisim elements were transformed.

RTL Elaboration Complete:  : Time (s): cpu = 00:00:06 ; elapsed = 00:00:07 . Memory (MB): peak = 3717.145 ; gain = 0.000
23 Infos, 37 Warnings, 0 Critical Warnings and 0 Errors encountered.
synth_design completed successfully
synth_design: Time (s): cpu = 00:00:06 ; elapsed = 00:00:07 . Memory (MB): peak = 3717.145 ; gain = 0.000
reset_run synth_1
launch_runs impl_1 -to_step write_bitstream -jobs 4
[Wed May  1 17:36:44 2024] Launched synth_1...
Run output will be captured here: D:/my_homework/my_vivado_practice/project_practice_week10_on_class/XADC/XADC.runs/synth_1/runme.log
[Wed May  1 17:36:44 2024] Launched impl_1...
Run output will be captured here: D:/my_homework/my_vivado_practice/project_practice_week10_on_class/XADC/XADC.runs/impl_1/runme.log
open_hw
connect_hw_server
INFO: [Labtools 27-2285] Connecting to hw_server url TCP:localhost:3121
INFO: [Labtools 27-2222] Launching hw_server...
INFO: [Labtools 27-2221] Launch Output:

****** Xilinx hw_server v2018.3
  **** Build date : Dec  7 2018-00:40:27
    ** Copyright 1986-2018 Xilinx, Inc. All Rights Reserved.


open_hw_target
INFO: [Labtoolstcl 44-466] Opening hw_target localhost:3121/xilinx_tcf/Xilinx/1234-tulA
set_property PROGRAM.FILE {D:/my_homework/my_vivado_practice/project_practice_week10_on_class/XADC/XADC.runs/impl_1/top_XADC_voltage.bit} [get_hw_devices xc7a35t_0]
current_hw_device [get_hw_devices xc7a35t_0]
refresh_hw_device -update_hw_probes false [lindex [get_hw_devices xc7a35t_0] 0]
INFO: [Labtools 27-1434] Device xc7a35t (JTAG device index = 0) is programmed with a design that has no supported debug core(s) in it.
set_property PROBES.FILE {} [get_hw_devices xc7a35t_0]
set_property FULL_PROBES.FILE {} [get_hw_devices xc7a35t_0]
set_property PROGRAM.FILE {D:/my_homework/my_vivado_practice/project_practice_week10_on_class/XADC/XADC.runs/impl_1/top_XADC_voltage.bit} [get_hw_devices xc7a35t_0]
program_hw_devices [get_hw_devices xc7a35t_0]
INFO: [Labtools 27-3164] End of startup status: HIGH
refresh_hw_device [lindex [get_hw_devices xc7a35t_0] 0]
INFO: [Labtools 27-1434] Device xc7a35t (JTAG device index = 0) is programmed with a design that has no supported debug core(s) in it.
close_hw
refresh_design
---------------------------------------------------------------------------------
Starting RTL Elaboration : Time (s): cpu = 00:00:02 ; elapsed = 00:00:03 . Memory (MB): peak = 3717.145 ; gain = 0.000
---------------------------------------------------------------------------------
INFO: [Synth 8-6157] synthesizing module 'top_XADC_voltage' [D:/my_homework/my_vivado_practice/project_practice_week10_on_class/XADC/XADC.srcs/sources_1/new/top_XADC_voltage.v:23]
INFO: [Synth 8-6157] synthesizing module 'XADC_channel_1' [D:/my_homework/my_vivado_practice/project_practice_week10_on_class/XADC/XADC.srcs/sources_1/new/XADC_channel_1.v:23]
INFO: [Synth 8-6157] synthesizing module 'xadc_wiz_0' [D:/my_homework/my_vivado_practice/project_practice_week10_on_class/XADC/.Xil/Vivado-5460-LAPTOP-CCNJK6NK/realtime/xadc_wiz_0_stub.v:5]
INFO: [Synth 8-6155] done synthesizing module 'xadc_wiz_0' (1#1) [D:/my_homework/my_vivado_practice/project_practice_week10_on_class/XADC/.Xil/Vivado-5460-LAPTOP-CCNJK6NK/realtime/xadc_wiz_0_stub.v:5]
INFO: [Synth 8-6155] done synthesizing module 'XADC_channel_1' (2#1) [D:/my_homework/my_vivado_practice/project_practice_week10_on_class/XADC/XADC.srcs/sources_1/new/XADC_channel_1.v:23]
INFO: [Synth 8-6157] synthesizing module 'data_output' [D:/my_homework/my_vivado_practice/project_practice_week10_on_class/XADC/XADC.srcs/sources_1/new/data_output.v:23]
INFO: [Synth 8-6155] done synthesizing module 'data_output' (3#1) [D:/my_homework/my_vivado_practice/project_practice_week10_on_class/XADC/XADC.srcs/sources_1/new/data_output.v:23]
INFO: [Synth 8-6157] synthesizing module 'bin2BCD' [D:/my_homework/my_vivado_practice/project_practice_week10_on_class/XADC/XADC.srcs/sources_1/new/bin2BCD.v:23]
INFO: [Synth 8-6155] done synthesizing module 'bin2BCD' (4#1) [D:/my_homework/my_vivado_practice/project_practice_week10_on_class/XADC/XADC.srcs/sources_1/new/bin2BCD.v:23]
WARNING: [Synth 8-4446] all outputs are unconnected for this instance and logic may be removed [D:/my_homework/my_vivado_practice/project_practice_week10_on_class/XADC/XADC.srcs/sources_1/new/top_XADC_voltage.v:55]
INFO: [Synth 8-6157] synthesizing module 'show_high_low' [D:/my_homework/my_vivado_practice/project_practice_week10_on_class/XADC/XADC.srcs/sources_1/new/show_high_low.v:23]
INFO: [Synth 8-6157] synthesizing module 'show' [D:/my_homework/my_vivado_practice/project_practice_week10_on_class/XADC/XADC.srcs/sources_1/new/show.v:23]
INFO: [Synth 8-226] default block is never used [D:/my_homework/my_vivado_practice/project_practice_week10_on_class/XADC/XADC.srcs/sources_1/new/show.v:111]
INFO: [Synth 8-6155] done synthesizing module 'show' (5#1) [D:/my_homework/my_vivado_practice/project_practice_week10_on_class/XADC/XADC.srcs/sources_1/new/show.v:23]
WARNING: [Synth 8-6104] Input port 'a_to_g2' has an internal driver [D:/my_homework/my_vivado_practice/project_practice_week10_on_class/XADC/XADC.srcs/sources_1/new/show_high_low.v:36]
WARNING: [Synth 8-6104] Input port 'an2' has an internal driver [D:/my_homework/my_vivado_practice/project_practice_week10_on_class/XADC/XADC.srcs/sources_1/new/show_high_low.v:37]
WARNING: [Synth 8-6104] Input port 'a_to_g1' has an internal driver [D:/my_homework/my_vivado_practice/project_practice_week10_on_class/XADC/XADC.srcs/sources_1/new/show_high_low.v:43]
WARNING: [Synth 8-6104] Input port 'an1' has an internal driver [D:/my_homework/my_vivado_practice/project_practice_week10_on_class/XADC/XADC.srcs/sources_1/new/show_high_low.v:44]
INFO: [Synth 8-6155] done synthesizing module 'show_high_low' (6#1) [D:/my_homework/my_vivado_practice/project_practice_week10_on_class/XADC/XADC.srcs/sources_1/new/show_high_low.v:23]
WARNING: [Synth 8-3848] Net an1 in module/entity top_XADC_voltage does not have driver. [D:/my_homework/my_vivado_practice/project_practice_week10_on_class/XADC/XADC.srcs/sources_1/new/top_XADC_voltage.v:29]
WARNING: [Synth 8-3848] Net an2 in module/entity top_XADC_voltage does not have driver. [D:/my_homework/my_vivado_practice/project_practice_week10_on_class/XADC/XADC.srcs/sources_1/new/top_XADC_voltage.v:29]
WARNING: [Synth 8-3848] Net a_to_g1 in module/entity top_XADC_voltage does not have driver. [D:/my_homework/my_vivado_practice/project_practice_week10_on_class/XADC/XADC.srcs/sources_1/new/top_XADC_voltage.v:30]
WARNING: [Synth 8-3848] Net a_to_g2 in module/entity top_XADC_voltage does not have driver. [D:/my_homework/my_vivado_practice/project_practice_week10_on_class/XADC/XADC.srcs/sources_1/new/top_XADC_voltage.v:30]
INFO: [Synth 8-6155] done synthesizing module 'top_XADC_voltage' (7#1) [D:/my_homework/my_vivado_practice/project_practice_week10_on_class/XADC/XADC.srcs/sources_1/new/top_XADC_voltage.v:23]
WARNING: [Synth 8-3331] design bin2BCD has unconnected port binary[19]
WARNING: [Synth 8-3331] design bin2BCD has unconnected port binary[18]
WARNING: [Synth 8-3331] design bin2BCD has unconnected port binary[17]
WARNING: [Synth 8-3331] design bin2BCD has unconnected port binary[16]
WARNING: [Synth 8-3331] design bin2BCD has unconnected port binary[15]
WARNING: [Synth 8-3331] design bin2BCD has unconnected port binary[14]
WARNING: [Synth 8-3331] design bin2BCD has unconnected port binary[13]
WARNING: [Synth 8-3331] design bin2BCD has unconnected port binary[12]
WARNING: [Synth 8-3331] design bin2BCD has unconnected port binary[11]
WARNING: [Synth 8-3331] design bin2BCD has unconnected port binary[10]
WARNING: [Synth 8-3331] design bin2BCD has unconnected port binary[9]
WARNING: [Synth 8-3331] design bin2BCD has unconnected port binary[8]
WARNING: [Synth 8-3331] design bin2BCD has unconnected port binary[7]
WARNING: [Synth 8-3331] design bin2BCD has unconnected port binary[6]
WARNING: [Synth 8-3331] design bin2BCD has unconnected port binary[5]
WARNING: [Synth 8-3331] design bin2BCD has unconnected port binary[4]
WARNING: [Synth 8-3331] design bin2BCD has unconnected port binary[3]
WARNING: [Synth 8-3331] design bin2BCD has unconnected port binary[2]
WARNING: [Synth 8-3331] design bin2BCD has unconnected port binary[1]
WARNING: [Synth 8-3331] design bin2BCD has unconnected port binary[0]
WARNING: [Synth 8-3331] design data_output has unconnected port do_out[3]
WARNING: [Synth 8-3331] design data_output has unconnected port do_out[2]
WARNING: [Synth 8-3331] design data_output has unconnected port do_out[1]
WARNING: [Synth 8-3331] design data_output has unconnected port do_out[0]
---------------------------------------------------------------------------------
Finished RTL Elaboration : Time (s): cpu = 00:00:03 ; elapsed = 00:00:04 . Memory (MB): peak = 3717.145 ; gain = 0.000
---------------------------------------------------------------------------------

Report Check Netlist: 
+------+------------------+-------+---------+-------+------------------+
|      |Item              |Errors |Warnings |Status |Description       |
+------+------------------+-------+---------+-------+------------------+
|1     |multi_driven_nets |      0|        0|Passed |Multi driven nets |
+------+------------------+-------+---------+-------+------------------+
WARNING: [Synth 8-3295] tying undriven pin top_show_high_low:an1[3] to constant 0 [D:/my_homework/my_vivado_practice/project_practice_week10_on_class/XADC/XADC.srcs/sources_1/new/top_XADC_voltage.v:55]
WARNING: [Synth 8-3295] tying undriven pin top_show_high_low:an1[2] to constant 0 [D:/my_homework/my_vivado_practice/project_practice_week10_on_class/XADC/XADC.srcs/sources_1/new/top_XADC_voltage.v:55]
WARNING: [Synth 8-3295] tying undriven pin top_show_high_low:an1[1] to constant 0 [D:/my_homework/my_vivado_practice/project_practice_week10_on_class/XADC/XADC.srcs/sources_1/new/top_XADC_voltage.v:55]
WARNING: [Synth 8-3295] tying undriven pin top_show_high_low:an1[0] to constant 0 [D:/my_homework/my_vivado_practice/project_practice_week10_on_class/XADC/XADC.srcs/sources_1/new/top_XADC_voltage.v:55]
WARNING: [Synth 8-3295] tying undriven pin top_show_high_low:an2[3] to constant 0 [D:/my_homework/my_vivado_practice/project_practice_week10_on_class/XADC/XADC.srcs/sources_1/new/top_XADC_voltage.v:55]
WARNING: [Synth 8-3295] tying undriven pin top_show_high_low:an2[2] to constant 0 [D:/my_homework/my_vivado_practice/project_practice_week10_on_class/XADC/XADC.srcs/sources_1/new/top_XADC_voltage.v:55]
WARNING: [Synth 8-3295] tying undriven pin top_show_high_low:an2[1] to constant 0 [D:/my_homework/my_vivado_practice/project_practice_week10_on_class/XADC/XADC.srcs/sources_1/new/top_XADC_voltage.v:55]
WARNING: [Synth 8-3295] tying undriven pin top_show_high_low:an2[0] to constant 0 [D:/my_homework/my_vivado_practice/project_practice_week10_on_class/XADC/XADC.srcs/sources_1/new/top_XADC_voltage.v:55]
WARNING: [Synth 8-3295] tying undriven pin top_show_high_low:a_to_g1[7] to constant 0 [D:/my_homework/my_vivado_practice/project_practice_week10_on_class/XADC/XADC.srcs/sources_1/new/top_XADC_voltage.v:55]
WARNING: [Synth 8-3295] tying undriven pin top_show_high_low:a_to_g1[6] to constant 0 [D:/my_homework/my_vivado_practice/project_practice_week10_on_class/XADC/XADC.srcs/sources_1/new/top_XADC_voltage.v:55]
WARNING: [Synth 8-3295] tying undriven pin top_show_high_low:a_to_g1[5] to constant 0 [D:/my_homework/my_vivado_practice/project_practice_week10_on_class/XADC/XADC.srcs/sources_1/new/top_XADC_voltage.v:55]
WARNING: [Synth 8-3295] tying undriven pin top_show_high_low:a_to_g1[4] to constant 0 [D:/my_homework/my_vivado_practice/project_practice_week10_on_class/XADC/XADC.srcs/sources_1/new/top_XADC_voltage.v:55]
WARNING: [Synth 8-3295] tying undriven pin top_show_high_low:a_to_g1[3] to constant 0 [D:/my_homework/my_vivado_practice/project_practice_week10_on_class/XADC/XADC.srcs/sources_1/new/top_XADC_voltage.v:55]
WARNING: [Synth 8-3295] tying undriven pin top_show_high_low:a_to_g1[2] to constant 0 [D:/my_homework/my_vivado_practice/project_practice_week10_on_class/XADC/XADC.srcs/sources_1/new/top_XADC_voltage.v:55]
WARNING: [Synth 8-3295] tying undriven pin top_show_high_low:a_to_g1[1] to constant 0 [D:/my_homework/my_vivado_practice/project_practice_week10_on_class/XADC/XADC.srcs/sources_1/new/top_XADC_voltage.v:55]
WARNING: [Synth 8-3295] tying undriven pin top_show_high_low:a_to_g1[0] to constant 0 [D:/my_homework/my_vivado_practice/project_practice_week10_on_class/XADC/XADC.srcs/sources_1/new/top_XADC_voltage.v:55]
WARNING: [Synth 8-3295] tying undriven pin top_show_high_low:a_to_g2[7] to constant 0 [D:/my_homework/my_vivado_practice/project_practice_week10_on_class/XADC/XADC.srcs/sources_1/new/top_XADC_voltage.v:55]
WARNING: [Synth 8-3295] tying undriven pin top_show_high_low:a_to_g2[6] to constant 0 [D:/my_homework/my_vivado_practice/project_practice_week10_on_class/XADC/XADC.srcs/sources_1/new/top_XADC_voltage.v:55]
WARNING: [Synth 8-3295] tying undriven pin top_show_high_low:a_to_g2[5] to constant 0 [D:/my_homework/my_vivado_practice/project_practice_week10_on_class/XADC/XADC.srcs/sources_1/new/top_XADC_voltage.v:55]
WARNING: [Synth 8-3295] tying undriven pin top_show_high_low:a_to_g2[4] to constant 0 [D:/my_homework/my_vivado_practice/project_practice_week10_on_class/XADC/XADC.srcs/sources_1/new/top_XADC_voltage.v:55]
WARNING: [Synth 8-3295] tying undriven pin top_show_high_low:a_to_g2[3] to constant 0 [D:/my_homework/my_vivado_practice/project_practice_week10_on_class/XADC/XADC.srcs/sources_1/new/top_XADC_voltage.v:55]
WARNING: [Synth 8-3295] tying undriven pin top_show_high_low:a_to_g2[2] to constant 0 [D:/my_homework/my_vivado_practice/project_practice_week10_on_class/XADC/XADC.srcs/sources_1/new/top_XADC_voltage.v:55]
WARNING: [Synth 8-3295] tying undriven pin top_show_high_low:a_to_g2[1] to constant 0 [D:/my_homework/my_vivado_practice/project_practice_week10_on_class/XADC/XADC.srcs/sources_1/new/top_XADC_voltage.v:55]
WARNING: [Synth 8-3295] tying undriven pin top_show_high_low:a_to_g2[0] to constant 0 [D:/my_homework/my_vivado_practice/project_practice_week10_on_class/XADC/XADC.srcs/sources_1/new/top_XADC_voltage.v:55]
---------------------------------------------------------------------------------
Start Handling Custom Attributes
---------------------------------------------------------------------------------
---------------------------------------------------------------------------------
Finished Handling Custom Attributes : Time (s): cpu = 00:00:03 ; elapsed = 00:00:04 . Memory (MB): peak = 3717.145 ; gain = 0.000
---------------------------------------------------------------------------------
---------------------------------------------------------------------------------
Finished RTL Optimization Phase 1 : Time (s): cpu = 00:00:03 ; elapsed = 00:00:04 . Memory (MB): peak = 3717.145 ; gain = 0.000
---------------------------------------------------------------------------------
INFO: [Project 1-454] Reading design checkpoint 'd:/my_homework/my_vivado_practice/project_practice_week10_on_class/XADC/XADC.srcs/sources_1/ip/xadc_wiz_0/xadc_wiz_0.dcp' for cell 'top_xadc/u1'
INFO: [Netlist 29-17] Analyzing 1 Unisim elements for replacement
INFO: [Netlist 29-28] Unisim Transformation completed in 0 CPU seconds
INFO: [Project 1-479] Netlist was created with Vivado 2018.3
INFO: [Project 1-570] Preparing netlist for logic optimization
INFO: [Opt 31-140] Inserted 4 IBUFs to IO ports without IO buffers.

Processing XDC Constraints
Initializing timing engine
Parsing XDC File [d:/my_homework/my_vivado_practice/project_practice_week10_on_class/XADC/XADC.srcs/sources_1/ip/xadc_wiz_0/xadc_wiz_0.xdc] for cell 'top_xadc/u1/inst'
Finished Parsing XDC File [d:/my_homework/my_vivado_practice/project_practice_week10_on_class/XADC/XADC.srcs/sources_1/ip/xadc_wiz_0/xadc_wiz_0.xdc] for cell 'top_xadc/u1/inst'
Parsing XDC File [D:/my_homework/my_vivado_practice/project_practice_week10_on_class/XADC/XADC.srcs/constrs_1/new/XADC_voltage.xdc]
Finished Parsing XDC File [D:/my_homework/my_vivado_practice/project_practice_week10_on_class/XADC/XADC.srcs/constrs_1/new/XADC_voltage.xdc]
Completed Processing XDC Constraints

INFO: [Opt 31-138] Pushed 0 inverter(s) to 0 load pin(s).
refresh_design: Time (s): cpu = 00:00:08 ; elapsed = 00:00:13 . Memory (MB): peak = 3717.145 ; gain = 0.000
reset_run synth_1
launch_runs impl_1 -to_step write_bitstream -jobs 4
[Wed May  1 17:44:40 2024] Launched synth_1...
Run output will be captured here: D:/my_homework/my_vivado_practice/project_practice_week10_on_class/XADC/XADC.runs/synth_1/runme.log
[Wed May  1 17:44:40 2024] Launched impl_1...
Run output will be captured here: D:/my_homework/my_vivado_practice/project_practice_week10_on_class/XADC/XADC.runs/impl_1/runme.log
open_hw
connect_hw_server
INFO: [Labtools 27-2285] Connecting to hw_server url TCP:localhost:3121
INFO: [Labtools 27-2222] Launching hw_server...
INFO: [Labtools 27-2221] Launch Output:

****** Xilinx hw_server v2018.3
  **** Build date : Dec  7 2018-00:40:27
    ** Copyright 1986-2018 Xilinx, Inc. All Rights Reserved.


open_hw_target
INFO: [Labtoolstcl 44-466] Opening hw_target localhost:3121/xilinx_tcf/Xilinx/1234-tulA
set_property PROGRAM.FILE {D:/my_homework/my_vivado_practice/project_practice_week10_on_class/XADC/XADC.runs/impl_1/top_XADC_voltage.bit} [get_hw_devices xc7a35t_0]
current_hw_device [get_hw_devices xc7a35t_0]
refresh_hw_device -update_hw_probes false [lindex [get_hw_devices xc7a35t_0] 0]
INFO: [Labtools 27-1434] Device xc7a35t (JTAG device index = 0) is programmed with a design that has no supported debug core(s) in it.
set_property PROBES.FILE {} [get_hw_devices xc7a35t_0]
set_property FULL_PROBES.FILE {} [get_hw_devices xc7a35t_0]
set_property PROGRAM.FILE {D:/my_homework/my_vivado_practice/project_practice_week10_on_class/XADC/XADC.runs/impl_1/top_XADC_voltage.bit} [get_hw_devices xc7a35t_0]
program_hw_devices [get_hw_devices xc7a35t_0]
INFO: [Labtools 27-3164] End of startup status: HIGH
refresh_hw_device [lindex [get_hw_devices xc7a35t_0] 0]
INFO: [Labtools 27-1434] Device xc7a35t (JTAG device index = 0) is programmed with a design that has no supported debug core(s) in it.
ERROR: [Labtoolstcl 44-513] HW Target shutdown. Closing target: localhost:3121/xilinx_tcf/Xilinx/1234-tulA
close_hw
refresh_design
---------------------------------------------------------------------------------
Starting RTL Elaboration : Time (s): cpu = 00:00:03 ; elapsed = 00:00:03 . Memory (MB): peak = 3717.145 ; gain = 0.000
---------------------------------------------------------------------------------
INFO: [Synth 8-6157] synthesizing module 'top_XADC_voltage' [D:/my_homework/my_vivado_practice/project_practice_week10_on_class/XADC/XADC.srcs/sources_1/new/top_XADC_voltage.v:23]
INFO: [Synth 8-6157] synthesizing module 'XADC_channel_1' [D:/my_homework/my_vivado_practice/project_practice_week10_on_class/XADC/XADC.srcs/sources_1/new/XADC_channel_1.v:23]
INFO: [Synth 8-6157] synthesizing module 'xadc_wiz_0' [D:/my_homework/my_vivado_practice/project_practice_week10_on_class/XADC/.Xil/Vivado-5460-LAPTOP-CCNJK6NK/realtime/xadc_wiz_0_stub.v:5]
INFO: [Synth 8-6155] done synthesizing module 'xadc_wiz_0' (1#1) [D:/my_homework/my_vivado_practice/project_practice_week10_on_class/XADC/.Xil/Vivado-5460-LAPTOP-CCNJK6NK/realtime/xadc_wiz_0_stub.v:5]
INFO: [Synth 8-6155] done synthesizing module 'XADC_channel_1' (2#1) [D:/my_homework/my_vivado_practice/project_practice_week10_on_class/XADC/XADC.srcs/sources_1/new/XADC_channel_1.v:23]
INFO: [Synth 8-6157] synthesizing module 'data_output' [D:/my_homework/my_vivado_practice/project_practice_week10_on_class/XADC/XADC.srcs/sources_1/new/data_output.v:23]
INFO: [Synth 8-6155] done synthesizing module 'data_output' (3#1) [D:/my_homework/my_vivado_practice/project_practice_week10_on_class/XADC/XADC.srcs/sources_1/new/data_output.v:23]
INFO: [Synth 8-6157] synthesizing module 'bin2BCD' [D:/my_homework/my_vivado_practice/project_practice_week10_on_class/XADC/XADC.srcs/sources_1/new/bin2BCD.v:23]
INFO: [Synth 8-6155] done synthesizing module 'bin2BCD' (4#1) [D:/my_homework/my_vivado_practice/project_practice_week10_on_class/XADC/XADC.srcs/sources_1/new/bin2BCD.v:23]
WARNING: [Synth 8-4446] all outputs are unconnected for this instance and logic may be removed [D:/my_homework/my_vivado_practice/project_practice_week10_on_class/XADC/XADC.srcs/sources_1/new/top_XADC_voltage.v:55]
INFO: [Synth 8-6157] synthesizing module 'show_high_low' [D:/my_homework/my_vivado_practice/project_practice_week10_on_class/XADC/XADC.srcs/sources_1/new/show_high_low.v:23]
INFO: [Synth 8-6157] synthesizing module 'show' [D:/my_homework/my_vivado_practice/project_practice_week10_on_class/XADC/XADC.srcs/sources_1/new/show.v:23]
INFO: [Synth 8-226] default block is never used [D:/my_homework/my_vivado_practice/project_practice_week10_on_class/XADC/XADC.srcs/sources_1/new/show.v:111]
INFO: [Synth 8-6155] done synthesizing module 'show' (5#1) [D:/my_homework/my_vivado_practice/project_practice_week10_on_class/XADC/XADC.srcs/sources_1/new/show.v:23]
WARNING: [Synth 8-6104] Input port 'a_to_g2' has an internal driver [D:/my_homework/my_vivado_practice/project_practice_week10_on_class/XADC/XADC.srcs/sources_1/new/show_high_low.v:36]
WARNING: [Synth 8-6104] Input port 'an2' has an internal driver [D:/my_homework/my_vivado_practice/project_practice_week10_on_class/XADC/XADC.srcs/sources_1/new/show_high_low.v:37]
WARNING: [Synth 8-6104] Input port 'a_to_g1' has an internal driver [D:/my_homework/my_vivado_practice/project_practice_week10_on_class/XADC/XADC.srcs/sources_1/new/show_high_low.v:43]
WARNING: [Synth 8-6104] Input port 'an1' has an internal driver [D:/my_homework/my_vivado_practice/project_practice_week10_on_class/XADC/XADC.srcs/sources_1/new/show_high_low.v:44]
INFO: [Synth 8-6155] done synthesizing module 'show_high_low' (6#1) [D:/my_homework/my_vivado_practice/project_practice_week10_on_class/XADC/XADC.srcs/sources_1/new/show_high_low.v:23]
WARNING: [Synth 8-3848] Net an1 in module/entity top_XADC_voltage does not have driver. [D:/my_homework/my_vivado_practice/project_practice_week10_on_class/XADC/XADC.srcs/sources_1/new/top_XADC_voltage.v:29]
WARNING: [Synth 8-3848] Net an2 in module/entity top_XADC_voltage does not have driver. [D:/my_homework/my_vivado_practice/project_practice_week10_on_class/XADC/XADC.srcs/sources_1/new/top_XADC_voltage.v:29]
WARNING: [Synth 8-3848] Net a_to_g1 in module/entity top_XADC_voltage does not have driver. [D:/my_homework/my_vivado_practice/project_practice_week10_on_class/XADC/XADC.srcs/sources_1/new/top_XADC_voltage.v:30]
WARNING: [Synth 8-3848] Net a_to_g2 in module/entity top_XADC_voltage does not have driver. [D:/my_homework/my_vivado_practice/project_practice_week10_on_class/XADC/XADC.srcs/sources_1/new/top_XADC_voltage.v:30]
INFO: [Synth 8-6155] done synthesizing module 'top_XADC_voltage' (7#1) [D:/my_homework/my_vivado_practice/project_practice_week10_on_class/XADC/XADC.srcs/sources_1/new/top_XADC_voltage.v:23]
WARNING: [Synth 8-3331] design data_output has unconnected port do_out[3]
WARNING: [Synth 8-3331] design data_output has unconnected port do_out[2]
WARNING: [Synth 8-3331] design data_output has unconnected port do_out[1]
WARNING: [Synth 8-3331] design data_output has unconnected port do_out[0]
---------------------------------------------------------------------------------
Finished RTL Elaboration : Time (s): cpu = 00:00:03 ; elapsed = 00:00:04 . Memory (MB): peak = 3717.145 ; gain = 0.000
---------------------------------------------------------------------------------

Report Check Netlist: 
+------+------------------+-------+---------+-------+------------------+
|      |Item              |Errors |Warnings |Status |Description       |
+------+------------------+-------+---------+-------+------------------+
|1     |multi_driven_nets |      0|        0|Passed |Multi driven nets |
+------+------------------+-------+---------+-------+------------------+
WARNING: [Synth 8-3295] tying undriven pin top_show_high_low:an1[3] to constant 0 [D:/my_homework/my_vivado_practice/project_practice_week10_on_class/XADC/XADC.srcs/sources_1/new/top_XADC_voltage.v:55]
WARNING: [Synth 8-3295] tying undriven pin top_show_high_low:an1[2] to constant 0 [D:/my_homework/my_vivado_practice/project_practice_week10_on_class/XADC/XADC.srcs/sources_1/new/top_XADC_voltage.v:55]
WARNING: [Synth 8-3295] tying undriven pin top_show_high_low:an1[1] to constant 0 [D:/my_homework/my_vivado_practice/project_practice_week10_on_class/XADC/XADC.srcs/sources_1/new/top_XADC_voltage.v:55]
WARNING: [Synth 8-3295] tying undriven pin top_show_high_low:an1[0] to constant 0 [D:/my_homework/my_vivado_practice/project_practice_week10_on_class/XADC/XADC.srcs/sources_1/new/top_XADC_voltage.v:55]
WARNING: [Synth 8-3295] tying undriven pin top_show_high_low:an2[3] to constant 0 [D:/my_homework/my_vivado_practice/project_practice_week10_on_class/XADC/XADC.srcs/sources_1/new/top_XADC_voltage.v:55]
WARNING: [Synth 8-3295] tying undriven pin top_show_high_low:an2[2] to constant 0 [D:/my_homework/my_vivado_practice/project_practice_week10_on_class/XADC/XADC.srcs/sources_1/new/top_XADC_voltage.v:55]
WARNING: [Synth 8-3295] tying undriven pin top_show_high_low:an2[1] to constant 0 [D:/my_homework/my_vivado_practice/project_practice_week10_on_class/XADC/XADC.srcs/sources_1/new/top_XADC_voltage.v:55]
WARNING: [Synth 8-3295] tying undriven pin top_show_high_low:an2[0] to constant 0 [D:/my_homework/my_vivado_practice/project_practice_week10_on_class/XADC/XADC.srcs/sources_1/new/top_XADC_voltage.v:55]
WARNING: [Synth 8-3295] tying undriven pin top_show_high_low:a_to_g1[7] to constant 0 [D:/my_homework/my_vivado_practice/project_practice_week10_on_class/XADC/XADC.srcs/sources_1/new/top_XADC_voltage.v:55]
WARNING: [Synth 8-3295] tying undriven pin top_show_high_low:a_to_g1[6] to constant 0 [D:/my_homework/my_vivado_practice/project_practice_week10_on_class/XADC/XADC.srcs/sources_1/new/top_XADC_voltage.v:55]
WARNING: [Synth 8-3295] tying undriven pin top_show_high_low:a_to_g1[5] to constant 0 [D:/my_homework/my_vivado_practice/project_practice_week10_on_class/XADC/XADC.srcs/sources_1/new/top_XADC_voltage.v:55]
WARNING: [Synth 8-3295] tying undriven pin top_show_high_low:a_to_g1[4] to constant 0 [D:/my_homework/my_vivado_practice/project_practice_week10_on_class/XADC/XADC.srcs/sources_1/new/top_XADC_voltage.v:55]
WARNING: [Synth 8-3295] tying undriven pin top_show_high_low:a_to_g1[3] to constant 0 [D:/my_homework/my_vivado_practice/project_practice_week10_on_class/XADC/XADC.srcs/sources_1/new/top_XADC_voltage.v:55]
WARNING: [Synth 8-3295] tying undriven pin top_show_high_low:a_to_g1[2] to constant 0 [D:/my_homework/my_vivado_practice/project_practice_week10_on_class/XADC/XADC.srcs/sources_1/new/top_XADC_voltage.v:55]
WARNING: [Synth 8-3295] tying undriven pin top_show_high_low:a_to_g1[1] to constant 0 [D:/my_homework/my_vivado_practice/project_practice_week10_on_class/XADC/XADC.srcs/sources_1/new/top_XADC_voltage.v:55]
WARNING: [Synth 8-3295] tying undriven pin top_show_high_low:a_to_g1[0] to constant 0 [D:/my_homework/my_vivado_practice/project_practice_week10_on_class/XADC/XADC.srcs/sources_1/new/top_XADC_voltage.v:55]
WARNING: [Synth 8-3295] tying undriven pin top_show_high_low:a_to_g2[7] to constant 0 [D:/my_homework/my_vivado_practice/project_practice_week10_on_class/XADC/XADC.srcs/sources_1/new/top_XADC_voltage.v:55]
WARNING: [Synth 8-3295] tying undriven pin top_show_high_low:a_to_g2[6] to constant 0 [D:/my_homework/my_vivado_practice/project_practice_week10_on_class/XADC/XADC.srcs/sources_1/new/top_XADC_voltage.v:55]
WARNING: [Synth 8-3295] tying undriven pin top_show_high_low:a_to_g2[5] to constant 0 [D:/my_homework/my_vivado_practice/project_practice_week10_on_class/XADC/XADC.srcs/sources_1/new/top_XADC_voltage.v:55]
WARNING: [Synth 8-3295] tying undriven pin top_show_high_low:a_to_g2[4] to constant 0 [D:/my_homework/my_vivado_practice/project_practice_week10_on_class/XADC/XADC.srcs/sources_1/new/top_XADC_voltage.v:55]
WARNING: [Synth 8-3295] tying undriven pin top_show_high_low:a_to_g2[3] to constant 0 [D:/my_homework/my_vivado_practice/project_practice_week10_on_class/XADC/XADC.srcs/sources_1/new/top_XADC_voltage.v:55]
WARNING: [Synth 8-3295] tying undriven pin top_show_high_low:a_to_g2[2] to constant 0 [D:/my_homework/my_vivado_practice/project_practice_week10_on_class/XADC/XADC.srcs/sources_1/new/top_XADC_voltage.v:55]
WARNING: [Synth 8-3295] tying undriven pin top_show_high_low:a_to_g2[1] to constant 0 [D:/my_homework/my_vivado_practice/project_practice_week10_on_class/XADC/XADC.srcs/sources_1/new/top_XADC_voltage.v:55]
WARNING: [Synth 8-3295] tying undriven pin top_show_high_low:a_to_g2[0] to constant 0 [D:/my_homework/my_vivado_practice/project_practice_week10_on_class/XADC/XADC.srcs/sources_1/new/top_XADC_voltage.v:55]
---------------------------------------------------------------------------------
Start Handling Custom Attributes
---------------------------------------------------------------------------------
---------------------------------------------------------------------------------
Finished Handling Custom Attributes : Time (s): cpu = 00:00:03 ; elapsed = 00:00:04 . Memory (MB): peak = 3717.145 ; gain = 0.000
---------------------------------------------------------------------------------
---------------------------------------------------------------------------------
Finished RTL Optimization Phase 1 : Time (s): cpu = 00:00:03 ; elapsed = 00:00:04 . Memory (MB): peak = 3717.145 ; gain = 0.000
---------------------------------------------------------------------------------
INFO: [Project 1-454] Reading design checkpoint 'd:/my_homework/my_vivado_practice/project_practice_week10_on_class/XADC/XADC.srcs/sources_1/ip/xadc_wiz_0/xadc_wiz_0.dcp' for cell 'top_xadc/u1'
INFO: [Netlist 29-17] Analyzing 1 Unisim elements for replacement
INFO: [Netlist 29-28] Unisim Transformation completed in 0 CPU seconds
INFO: [Project 1-479] Netlist was created with Vivado 2018.3
INFO: [Project 1-570] Preparing netlist for logic optimization
INFO: [Opt 31-140] Inserted 4 IBUFs to IO ports without IO buffers.

Processing XDC Constraints
Initializing timing engine
Parsing XDC File [d:/my_homework/my_vivado_practice/project_practice_week10_on_class/XADC/XADC.srcs/sources_1/ip/xadc_wiz_0/xadc_wiz_0.xdc] for cell 'top_xadc/u1/inst'
Finished Parsing XDC File [d:/my_homework/my_vivado_practice/project_practice_week10_on_class/XADC/XADC.srcs/sources_1/ip/xadc_wiz_0/xadc_wiz_0.xdc] for cell 'top_xadc/u1/inst'
Parsing XDC File [D:/my_homework/my_vivado_practice/project_practice_week10_on_class/XADC/XADC.srcs/constrs_1/new/XADC_voltage.xdc]
Finished Parsing XDC File [D:/my_homework/my_vivado_practice/project_practice_week10_on_class/XADC/XADC.srcs/constrs_1/new/XADC_voltage.xdc]
Completed Processing XDC Constraints

INFO: [Opt 31-138] Pushed 0 inverter(s) to 0 load pin(s).
refresh_design: Time (s): cpu = 00:00:09 ; elapsed = 00:00:15 . Memory (MB): peak = 3717.145 ; gain = 0.000
reset_run synth_1
launch_runs impl_1 -to_step write_bitstream -jobs 4
[Wed May  1 18:08:47 2024] Launched synth_1...
Run output will be captured here: D:/my_homework/my_vivado_practice/project_practice_week10_on_class/XADC/XADC.runs/synth_1/runme.log
[Wed May  1 18:08:47 2024] Launched impl_1...
Run output will be captured here: D:/my_homework/my_vivado_practice/project_practice_week10_on_class/XADC/XADC.runs/impl_1/runme.log
open_hw
connect_hw_server
INFO: [Labtools 27-2285] Connecting to hw_server url TCP:localhost:3121
INFO: [Labtools 27-2222] Launching hw_server...
INFO: [Labtools 27-2221] Launch Output:

****** Xilinx hw_server v2018.3
  **** Build date : Dec  7 2018-00:40:27
    ** Copyright 1986-2018 Xilinx, Inc. All Rights Reserved.


disconnect_hw_server localhost:3121
connect_hw_server
INFO: [Labtools 27-2285] Connecting to hw_server url TCP:localhost:3121
open_hw_target
INFO: [Labtoolstcl 44-466] Opening hw_target localhost:3121/xilinx_tcf/Xilinx/1234-tulA
set_property PROGRAM.FILE {D:/my_homework/my_vivado_practice/project_practice_week10_on_class/XADC/XADC.runs/impl_1/top_XADC_voltage.bit} [get_hw_devices xc7a35t_0]
current_hw_device [get_hw_devices xc7a35t_0]
refresh_hw_device -update_hw_probes false [lindex [get_hw_devices xc7a35t_0] 0]
INFO: [Labtools 27-1434] Device xc7a35t (JTAG device index = 0) is programmed with a design that has no supported debug core(s) in it.
set_property PROBES.FILE {} [get_hw_devices xc7a35t_0]
set_property FULL_PROBES.FILE {} [get_hw_devices xc7a35t_0]
set_property PROGRAM.FILE {D:/my_homework/my_vivado_practice/project_practice_week10_on_class/XADC/XADC.runs/impl_1/top_XADC_voltage.bit} [get_hw_devices xc7a35t_0]
program_hw_devices [get_hw_devices xc7a35t_0]
INFO: [Labtools 27-3164] End of startup status: HIGH
refresh_hw_device [lindex [get_hw_devices xc7a35t_0] 0]
INFO: [Labtools 27-1434] Device xc7a35t (JTAG device index = 0) is programmed with a design that has no supported debug core(s) in it.
ERROR: [Labtoolstcl 44-513] HW Target shutdown. Closing target: localhost:3121/xilinx_tcf/Xilinx/1234-tulA
close_hw
file mkdir D:/my_homework/my_vivado_practice/project_practice_week10_on_class/XADC/XADC.srcs/sim_1/new
set_property SOURCE_SET sources_1 [get_filesets sim_1]
close [ open D:/my_homework/my_vivado_practice/project_practice_week10_on_class/XADC/XADC.srcs/sim_1/new/sim_bin2BCD.v w ]
add_files -fileset sim_1 D:/my_homework/my_vivado_practice/project_practice_week10_on_class/XADC/XADC.srcs/sim_1/new/sim_bin2BCD.v
update_compile_order -fileset sim_1
set_property top sim_bin2BCD [get_filesets sim_1]
set_property top_lib xil_defaultlib [get_filesets sim_1]
update_compile_order -fileset sim_1
launch_simulation
INFO: [Vivado 12-5698] Checking validity of IPs in the design for the 'XSim' simulator...
INFO: [Vivado 12-5682] Launching behavioral simulation in 'D:/my_homework/my_vivado_practice/project_practice_week10_on_class/XADC/XADC.sim/sim_1/behav/xsim'
INFO: [Vivado 12-4795] Using compiled simulation libraries for IPs
INFO: [SIM-utils-51] Simulation object is 'sim_1'
INFO: [USF-XSim-7] Finding pre-compiled libraries...
INFO: [USF-XSim-11] File 'D:/Xilinx/Vivado/2018.3/data/xsim/xsim.ini' copied to run dir:'D:/my_homework/my_vivado_practice/project_practice_week10_on_class/XADC/XADC.sim/sim_1/behav/xsim'
INFO: [SIM-utils-54] Inspecting design source files for 'sim_bin2BCD' in fileset 'sim_1'...
INFO: [USF-XSim-97] Finding global include files...
INFO: [USF-XSim-98] Fetching design files from 'sim_1'...
INFO: [USF-XSim-2] XSim::Compile design
INFO: [USF-XSim-61] Executing 'COMPILE and ANALYZE' step in 'D:/my_homework/my_vivado_practice/project_practice_week10_on_class/XADC/XADC.sim/sim_1/behav/xsim'
"xvlog --incr --relax -prj sim_bin2BCD_vlog.prj"
INFO: [VRFC 10-2263] Analyzing Verilog file "D:/my_homework/my_vivado_practice/project_practice_week10_on_class/XADC/XADC.srcs/sources_1/new/bin2BCD.v" into library xil_defaultlib
INFO: [VRFC 10-311] analyzing module bin2BCD
INFO: [VRFC 10-2263] Analyzing Verilog file "D:/my_homework/my_vivado_practice/project_practice_week10_on_class/XADC/XADC.srcs/sim_1/new/sim_bin2BCD.v" into library xil_defaultlib
INFO: [VRFC 10-311] analyzing module sim_bin2BCD
INFO: [VRFC 10-2263] Analyzing Verilog file "D:/my_homework/my_vivado_practice/project_practice_week10_on_class/XADC/XADC.sim/sim_1/behav/xsim/glbl.v" into library xil_defaultlib
INFO: [VRFC 10-311] analyzing module glbl
INFO: [USF-XSim-69] 'compile' step finished in '2' seconds
INFO: [USF-XSim-3] XSim::Elaborate design
INFO: [USF-XSim-61] Executing 'ELABORATE' step in 'D:/my_homework/my_vivado_practice/project_practice_week10_on_class/XADC/XADC.sim/sim_1/behav/xsim'
Vivado Simulator 2018.3
Copyright 1986-1999, 2001-2018 Xilinx, Inc. All Rights Reserved.
Running: D:/Xilinx/Vivado/2018.3/bin/unwrapped/win64.o/xelab.exe -wto 5c3606e7b317430e97d8fe1bcced0a69 --incr --debug typical --relax --mt 2 -L xil_defaultlib -L unisims_ver -L unimacro_ver -L secureip -L xpm --snapshot sim_bin2BCD_behav xil_defaultlib.sim_bin2BCD xil_defaultlib.glbl -log elaborate.log 
Using 2 slave threads.
Starting static elaboration
Completed static elaboration
Starting simulation data flow analysis
Completed simulation data flow analysis
Time Resolution for simulation is 1ps
Compiling module xil_defaultlib.bin2BCD
Compiling module xil_defaultlib.sim_bin2BCD
Compiling module xil_defaultlib.glbl
Built simulation snapshot sim_bin2BCD_behav

****** Webtalk v2018.3 (64-bit)
  **** SW Build 2405991 on Thu Dec  6 23:38:27 MST 2018
  **** IP Build 2404404 on Fri Dec  7 01:43:56 MST 2018
    ** Copyright 1986-2018 Xilinx, Inc. All Rights Reserved.

source D:/my_homework/my_vivado_practice/project_practice_week10_on_class/XADC/XADC.sim/sim_1/behav/xsim/xsim.dir/sim_bin2BCD_behav/webtalk/xsim_webtalk.tcl -notrace
INFO: [Common 17-206] Exiting Webtalk at Wed May  1 19:45:56 2024...
INFO: [USF-XSim-69] 'elaborate' step finished in '5' seconds
INFO: [USF-XSim-4] XSim::Simulate design
INFO: [USF-XSim-61] Executing 'SIMULATE' step in 'D:/my_homework/my_vivado_practice/project_practice_week10_on_class/XADC/XADC.sim/sim_1/behav/xsim'
INFO: [USF-XSim-98] *** Running xsim
   with args "sim_bin2BCD_behav -key {Behavioral:sim_1:Functional:sim_bin2BCD} -tclbatch {sim_bin2BCD.tcl} -log {simulate.log}"
INFO: [USF-XSim-8] Loading simulator feature
Vivado Simulator 2018.3
Time resolution is 1 ps
source sim_bin2BCD.tcl
# set curr_wave [current_wave_config]
# if { [string length $curr_wave] == 0 } {
#   if { [llength [get_objects]] > 0} {
#     add_wave /
#     set_property needs_save false [current_wave_config]
#   } else {
#      send_msg_id Add_Wave-1 WARNING "No top level signals found. Simulator will start without a wave window. If you want to open a wave window go to 'File->New Waveform Configuration' or type 'create_wave_config' in the TCL console."
#   }
# }
# run 1000ns
xsim: Time (s): cpu = 00:00:04 ; elapsed = 00:00:05 . Memory (MB): peak = 3717.145 ; gain = 0.000
INFO: [USF-XSim-96] XSim completed. Design snapshot 'sim_bin2BCD_behav' loaded.
INFO: [USF-XSim-97] XSim simulation ran for 1000ns
launch_simulation: Time (s): cpu = 00:00:04 ; elapsed = 00:00:13 . Memory (MB): peak = 3717.145 ; gain = 0.000
restart
INFO: [Simtcl 6-17] Simulation restarted
run 100 ns
close_sim
INFO: [Simtcl 6-16] Simulation closed
launch_simulation
INFO: [Vivado 12-5698] Checking validity of IPs in the design for the 'XSim' simulator...
INFO: [Vivado 12-5682] Launching behavioral simulation in 'D:/my_homework/my_vivado_practice/project_practice_week10_on_class/XADC/XADC.sim/sim_1/behav/xsim'
INFO: [Vivado 12-4795] Using compiled simulation libraries for IPs
INFO: [SIM-utils-51] Simulation object is 'sim_1'
INFO: [USF-XSim-7] Finding pre-compiled libraries...
INFO: [USF-XSim-11] File 'D:/Xilinx/Vivado/2018.3/data/xsim/xsim.ini' copied to run dir:'D:/my_homework/my_vivado_practice/project_practice_week10_on_class/XADC/XADC.sim/sim_1/behav/xsim'
INFO: [SIM-utils-54] Inspecting design source files for 'sim_bin2BCD' in fileset 'sim_1'...
INFO: [USF-XSim-97] Finding global include files...
INFO: [USF-XSim-98] Fetching design files from 'sim_1'...
INFO: [USF-XSim-2] XSim::Compile design
INFO: [USF-XSim-61] Executing 'COMPILE and ANALYZE' step in 'D:/my_homework/my_vivado_practice/project_practice_week10_on_class/XADC/XADC.sim/sim_1/behav/xsim'
"xvlog --incr --relax -prj sim_bin2BCD_vlog.prj"
INFO: [VRFC 10-2263] Analyzing Verilog file "D:/my_homework/my_vivado_practice/project_practice_week10_on_class/XADC/XADC.srcs/sources_1/new/bin2BCD.v" into library xil_defaultlib
INFO: [VRFC 10-311] analyzing module bin2BCD
INFO: [VRFC 10-2263] Analyzing Verilog file "D:/my_homework/my_vivado_practice/project_practice_week10_on_class/XADC/XADC.srcs/sim_1/new/sim_bin2BCD.v" into library xil_defaultlib
INFO: [VRFC 10-311] analyzing module sim_bin2BCD
INFO: [USF-XSim-69] 'compile' step finished in '1' seconds
INFO: [USF-XSim-3] XSim::Elaborate design
INFO: [USF-XSim-61] Executing 'ELABORATE' step in 'D:/my_homework/my_vivado_practice/project_practice_week10_on_class/XADC/XADC.sim/sim_1/behav/xsim'
Vivado Simulator 2018.3
Copyright 1986-1999, 2001-2018 Xilinx, Inc. All Rights Reserved.
Running: D:/Xilinx/Vivado/2018.3/bin/unwrapped/win64.o/xelab.exe -wto 5c3606e7b317430e97d8fe1bcced0a69 --incr --debug typical --relax --mt 2 -L xil_defaultlib -L unisims_ver -L unimacro_ver -L secureip -L xpm --snapshot sim_bin2BCD_behav xil_defaultlib.sim_bin2BCD xil_defaultlib.glbl -log elaborate.log 
Using 2 slave threads.
Starting static elaboration
Completed static elaboration
Starting simulation data flow analysis
Completed simulation data flow analysis
Time Resolution for simulation is 1ps
Compiling module xil_defaultlib.bin2BCD
Compiling module xil_defaultlib.sim_bin2BCD
Compiling module xil_defaultlib.glbl
Built simulation snapshot sim_bin2BCD_behav
INFO: [USF-XSim-69] 'elaborate' step finished in '2' seconds
INFO: [USF-XSim-4] XSim::Simulate design
INFO: [USF-XSim-61] Executing 'SIMULATE' step in 'D:/my_homework/my_vivado_practice/project_practice_week10_on_class/XADC/XADC.sim/sim_1/behav/xsim'
INFO: [USF-XSim-98] *** Running xsim
   with args "sim_bin2BCD_behav -key {Behavioral:sim_1:Functional:sim_bin2BCD} -tclbatch {sim_bin2BCD.tcl} -log {simulate.log}"
INFO: [USF-XSim-8] Loading simulator feature
Vivado Simulator 2018.3
Time resolution is 1 ps
source sim_bin2BCD.tcl
# set curr_wave [current_wave_config]
# if { [string length $curr_wave] == 0 } {
#   if { [llength [get_objects]] > 0} {
#     add_wave /
#     set_property needs_save false [current_wave_config]
#   } else {
#      send_msg_id Add_Wave-1 WARNING "No top level signals found. Simulator will start without a wave window. If you want to open a wave window go to 'File->New Waveform Configuration' or type 'create_wave_config' in the TCL console."
#   }
# }
# run 1000ns
INFO: [USF-XSim-96] XSim completed. Design snapshot 'sim_bin2BCD_behav' loaded.
INFO: [USF-XSim-97] XSim simulation ran for 1000ns
launch_simulation: Time (s): cpu = 00:00:01 ; elapsed = 00:00:06 . Memory (MB): peak = 3717.145 ; gain = 0.000
restart
INFO: [Simtcl 6-17] Simulation restarted
run 100 ns
close_sim
INFO: [Simtcl 6-16] Simulation closed
close_design
launch_simulation
INFO: [Vivado 12-5698] Checking validity of IPs in the design for the 'XSim' simulator...
INFO: [Vivado 12-5682] Launching behavioral simulation in 'D:/my_homework/my_vivado_practice/project_practice_week10_on_class/XADC/XADC.sim/sim_1/behav/xsim'
INFO: [Vivado 12-4795] Using compiled simulation libraries for IPs
INFO: [SIM-utils-51] Simulation object is 'sim_1'
INFO: [USF-XSim-7] Finding pre-compiled libraries...
INFO: [USF-XSim-11] File 'D:/Xilinx/Vivado/2018.3/data/xsim/xsim.ini' copied to run dir:'D:/my_homework/my_vivado_practice/project_practice_week10_on_class/XADC/XADC.sim/sim_1/behav/xsim'
INFO: [SIM-utils-54] Inspecting design source files for 'sim_bin2BCD' in fileset 'sim_1'...
INFO: [USF-XSim-97] Finding global include files...
INFO: [USF-XSim-98] Fetching design files from 'sim_1'...
INFO: [USF-XSim-2] XSim::Compile design
INFO: [USF-XSim-61] Executing 'COMPILE and ANALYZE' step in 'D:/my_homework/my_vivado_practice/project_practice_week10_on_class/XADC/XADC.sim/sim_1/behav/xsim'
"xvlog --incr --relax -prj sim_bin2BCD_vlog.prj"
INFO: [USF-XSim-69] 'compile' step finished in '1' seconds
INFO: [USF-XSim-3] XSim::Elaborate design
INFO: [USF-XSim-61] Executing 'ELABORATE' step in 'D:/my_homework/my_vivado_practice/project_practice_week10_on_class/XADC/XADC.sim/sim_1/behav/xsim'
Vivado Simulator 2018.3
Copyright 1986-1999, 2001-2018 Xilinx, Inc. All Rights Reserved.
Running: D:/Xilinx/Vivado/2018.3/bin/unwrapped/win64.o/xelab.exe -wto 5c3606e7b317430e97d8fe1bcced0a69 --incr --debug typical --relax --mt 2 -L xil_defaultlib -L unisims_ver -L unimacro_ver -L secureip -L xpm --snapshot sim_bin2BCD_behav xil_defaultlib.sim_bin2BCD xil_defaultlib.glbl -log elaborate.log 
Using 2 slave threads.
Starting static elaboration
Completed static elaboration
INFO: [XSIM 43-4323] No Change in HDL. Linking previously generated obj files to create kernel
INFO: [USF-XSim-69] 'elaborate' step finished in '1' seconds
INFO: [USF-XSim-4] XSim::Simulate design
INFO: [USF-XSim-61] Executing 'SIMULATE' step in 'D:/my_homework/my_vivado_practice/project_practice_week10_on_class/XADC/XADC.sim/sim_1/behav/xsim'
INFO: [USF-XSim-98] *** Running xsim
   with args "sim_bin2BCD_behav -key {Behavioral:sim_1:Functional:sim_bin2BCD} -tclbatch {sim_bin2BCD.tcl} -log {simulate.log}"
INFO: [USF-XSim-8] Loading simulator feature
Vivado Simulator 2018.3
Time resolution is 1 ps
source sim_bin2BCD.tcl
# set curr_wave [current_wave_config]
# if { [string length $curr_wave] == 0 } {
#   if { [llength [get_objects]] > 0} {
#     add_wave /
#     set_property needs_save false [current_wave_config]
#   } else {
#      send_msg_id Add_Wave-1 WARNING "No top level signals found. Simulator will start without a wave window. If you want to open a wave window go to 'File->New Waveform Configuration' or type 'create_wave_config' in the TCL console."
#   }
# }
# run 1000ns
INFO: [USF-XSim-96] XSim completed. Design snapshot 'sim_bin2BCD_behav' loaded.
INFO: [USF-XSim-97] XSim simulation ran for 1000ns
launch_simulation: Time (s): cpu = 00:00:01 ; elapsed = 00:00:06 . Memory (MB): peak = 3717.145 ; gain = 0.000
restart
INFO: [Simtcl 6-17] Simulation restarted
run 100 ns
restart
INFO: [Simtcl 6-17] Simulation restarted
run 100 ns
restart
INFO: [Simtcl 6-17] Simulation restarted
run 100 ns
restart
INFO: [Simtcl 6-17] Simulation restarted
run 100 ns
restart
INFO: [Simtcl 6-17] Simulation restarted
run 100 ns
restart
INFO: [Simtcl 6-17] Simulation restarted
run 100 ns
close_sim
INFO: [Simtcl 6-16] Simulation closed
launch_simulation
INFO: [Vivado 12-5698] Checking validity of IPs in the design for the 'XSim' simulator...
INFO: [Vivado 12-5682] Launching behavioral simulation in 'D:/my_homework/my_vivado_practice/project_practice_week10_on_class/XADC/XADC.sim/sim_1/behav/xsim'
INFO: [Vivado 12-4795] Using compiled simulation libraries for IPs
INFO: [SIM-utils-51] Simulation object is 'sim_1'
INFO: [USF-XSim-7] Finding pre-compiled libraries...
INFO: [USF-XSim-11] File 'D:/Xilinx/Vivado/2018.3/data/xsim/xsim.ini' copied to run dir:'D:/my_homework/my_vivado_practice/project_practice_week10_on_class/XADC/XADC.sim/sim_1/behav/xsim'
INFO: [SIM-utils-54] Inspecting design source files for 'sim_bin2BCD' in fileset 'sim_1'...
INFO: [USF-XSim-97] Finding global include files...
INFO: [USF-XSim-98] Fetching design files from 'sim_1'...
INFO: [USF-XSim-2] XSim::Compile design
INFO: [USF-XSim-61] Executing 'COMPILE and ANALYZE' step in 'D:/my_homework/my_vivado_practice/project_practice_week10_on_class/XADC/XADC.sim/sim_1/behav/xsim'
"xvlog --incr --relax -prj sim_bin2BCD_vlog.prj"
INFO: [VRFC 10-2263] Analyzing Verilog file "D:/my_homework/my_vivado_practice/project_practice_week10_on_class/XADC/XADC.srcs/sources_1/new/bin2BCD.v" into library xil_defaultlib
INFO: [VRFC 10-311] analyzing module bin2BCD
INFO: [VRFC 10-2263] Analyzing Verilog file "D:/my_homework/my_vivado_practice/project_practice_week10_on_class/XADC/XADC.srcs/sim_1/new/sim_bin2BCD.v" into library xil_defaultlib
INFO: [VRFC 10-311] analyzing module sim_bin2BCD
INFO: [USF-XSim-69] 'compile' step finished in '1' seconds
INFO: [USF-XSim-3] XSim::Elaborate design
INFO: [USF-XSim-61] Executing 'ELABORATE' step in 'D:/my_homework/my_vivado_practice/project_practice_week10_on_class/XADC/XADC.sim/sim_1/behav/xsim'
Vivado Simulator 2018.3
Copyright 1986-1999, 2001-2018 Xilinx, Inc. All Rights Reserved.
Running: D:/Xilinx/Vivado/2018.3/bin/unwrapped/win64.o/xelab.exe -wto 5c3606e7b317430e97d8fe1bcced0a69 --incr --debug typical --relax --mt 2 -L xil_defaultlib -L unisims_ver -L unimacro_ver -L secureip -L xpm --snapshot sim_bin2BCD_behav xil_defaultlib.sim_bin2BCD xil_defaultlib.glbl -log elaborate.log 
Using 2 slave threads.
Starting static elaboration
Completed static elaboration
Starting simulation data flow analysis
Completed simulation data flow analysis
Time Resolution for simulation is 1ps
Compiling module xil_defaultlib.bin2BCD
Compiling module xil_defaultlib.sim_bin2BCD
Compiling module xil_defaultlib.glbl
Built simulation snapshot sim_bin2BCD_behav
INFO: [USF-XSim-69] 'elaborate' step finished in '1' seconds
INFO: [USF-XSim-4] XSim::Simulate design
INFO: [USF-XSim-61] Executing 'SIMULATE' step in 'D:/my_homework/my_vivado_practice/project_practice_week10_on_class/XADC/XADC.sim/sim_1/behav/xsim'
INFO: [USF-XSim-98] *** Running xsim
   with args "sim_bin2BCD_behav -key {Behavioral:sim_1:Functional:sim_bin2BCD} -tclbatch {sim_bin2BCD.tcl} -log {simulate.log}"
INFO: [USF-XSim-8] Loading simulator feature
Vivado Simulator 2018.3
Time resolution is 1 ps
source sim_bin2BCD.tcl
# set curr_wave [current_wave_config]
# if { [string length $curr_wave] == 0 } {
#   if { [llength [get_objects]] > 0} {
#     add_wave /
#     set_property needs_save false [current_wave_config]
#   } else {
#      send_msg_id Add_Wave-1 WARNING "No top level signals found. Simulator will start without a wave window. If you want to open a wave window go to 'File->New Waveform Configuration' or type 'create_wave_config' in the TCL console."
#   }
# }
# run 1000ns
INFO: [USF-XSim-96] XSim completed. Design snapshot 'sim_bin2BCD_behav' loaded.
INFO: [USF-XSim-97] XSim simulation ran for 1000ns
launch_simulation: Time (s): cpu = 00:00:02 ; elapsed = 00:00:06 . Memory (MB): peak = 3717.145 ; gain = 0.000
restart
INFO: [Simtcl 6-17] Simulation restarted
run 1000 ns
synth_design -rtl -name rtl_1
Command: synth_design -rtl -name rtl_1
Starting synth_design
Using part: xc7a35tcsg324-1
Top: top_XADC_voltage
---------------------------------------------------------------------------------
Starting RTL Elaboration : Time (s): cpu = 00:00:02 ; elapsed = 00:00:03 . Memory (MB): peak = 3717.145 ; gain = 0.000
---------------------------------------------------------------------------------
INFO: [Synth 8-6157] synthesizing module 'top_XADC_voltage' [D:/my_homework/my_vivado_practice/project_practice_week10_on_class/XADC/XADC.srcs/sources_1/new/top_XADC_voltage.v:23]
INFO: [Synth 8-6157] synthesizing module 'XADC_channel_1' [D:/my_homework/my_vivado_practice/project_practice_week10_on_class/XADC/XADC.srcs/sources_1/new/XADC_channel_1.v:23]
INFO: [Synth 8-6157] synthesizing module 'xadc_wiz_0' [D:/my_homework/my_vivado_practice/project_practice_week10_on_class/XADC/.Xil/Vivado-5460-LAPTOP-CCNJK6NK/realtime/xadc_wiz_0_stub.v:5]
INFO: [Synth 8-6155] done synthesizing module 'xadc_wiz_0' (1#1) [D:/my_homework/my_vivado_practice/project_practice_week10_on_class/XADC/.Xil/Vivado-5460-LAPTOP-CCNJK6NK/realtime/xadc_wiz_0_stub.v:5]
INFO: [Synth 8-6155] done synthesizing module 'XADC_channel_1' (2#1) [D:/my_homework/my_vivado_practice/project_practice_week10_on_class/XADC/XADC.srcs/sources_1/new/XADC_channel_1.v:23]
INFO: [Synth 8-6157] synthesizing module 'data_output' [D:/my_homework/my_vivado_practice/project_practice_week10_on_class/XADC/XADC.srcs/sources_1/new/data_output.v:23]
INFO: [Synth 8-6155] done synthesizing module 'data_output' (3#1) [D:/my_homework/my_vivado_practice/project_practice_week10_on_class/XADC/XADC.srcs/sources_1/new/data_output.v:23]
INFO: [Synth 8-6157] synthesizing module 'bin2BCD' [D:/my_homework/my_vivado_practice/project_practice_week10_on_class/XADC/XADC.srcs/sources_1/new/bin2BCD.v:23]
INFO: [Synth 8-6155] done synthesizing module 'bin2BCD' (4#1) [D:/my_homework/my_vivado_practice/project_practice_week10_on_class/XADC/XADC.srcs/sources_1/new/bin2BCD.v:23]
WARNING: [Synth 8-4446] all outputs are unconnected for this instance and logic may be removed [D:/my_homework/my_vivado_practice/project_practice_week10_on_class/XADC/XADC.srcs/sources_1/new/top_XADC_voltage.v:55]
INFO: [Synth 8-6157] synthesizing module 'show_high_low' [D:/my_homework/my_vivado_practice/project_practice_week10_on_class/XADC/XADC.srcs/sources_1/new/show_high_low.v:23]
INFO: [Synth 8-6157] synthesizing module 'show' [D:/my_homework/my_vivado_practice/project_practice_week10_on_class/XADC/XADC.srcs/sources_1/new/show.v:23]
INFO: [Synth 8-226] default block is never used [D:/my_homework/my_vivado_practice/project_practice_week10_on_class/XADC/XADC.srcs/sources_1/new/show.v:111]
INFO: [Synth 8-6155] done synthesizing module 'show' (5#1) [D:/my_homework/my_vivado_practice/project_practice_week10_on_class/XADC/XADC.srcs/sources_1/new/show.v:23]
WARNING: [Synth 8-6104] Input port 'a_to_g2' has an internal driver [D:/my_homework/my_vivado_practice/project_practice_week10_on_class/XADC/XADC.srcs/sources_1/new/show_high_low.v:36]
WARNING: [Synth 8-6104] Input port 'an2' has an internal driver [D:/my_homework/my_vivado_practice/project_practice_week10_on_class/XADC/XADC.srcs/sources_1/new/show_high_low.v:37]
WARNING: [Synth 8-6104] Input port 'a_to_g1' has an internal driver [D:/my_homework/my_vivado_practice/project_practice_week10_on_class/XADC/XADC.srcs/sources_1/new/show_high_low.v:43]
WARNING: [Synth 8-6104] Input port 'an1' has an internal driver [D:/my_homework/my_vivado_practice/project_practice_week10_on_class/XADC/XADC.srcs/sources_1/new/show_high_low.v:44]
INFO: [Synth 8-6155] done synthesizing module 'show_high_low' (6#1) [D:/my_homework/my_vivado_practice/project_practice_week10_on_class/XADC/XADC.srcs/sources_1/new/show_high_low.v:23]
WARNING: [Synth 8-3848] Net an1 in module/entity top_XADC_voltage does not have driver. [D:/my_homework/my_vivado_practice/project_practice_week10_on_class/XADC/XADC.srcs/sources_1/new/top_XADC_voltage.v:29]
WARNING: [Synth 8-3848] Net an2 in module/entity top_XADC_voltage does not have driver. [D:/my_homework/my_vivado_practice/project_practice_week10_on_class/XADC/XADC.srcs/sources_1/new/top_XADC_voltage.v:29]
WARNING: [Synth 8-3848] Net a_to_g1 in module/entity top_XADC_voltage does not have driver. [D:/my_homework/my_vivado_practice/project_practice_week10_on_class/XADC/XADC.srcs/sources_1/new/top_XADC_voltage.v:30]
WARNING: [Synth 8-3848] Net a_to_g2 in module/entity top_XADC_voltage does not have driver. [D:/my_homework/my_vivado_practice/project_practice_week10_on_class/XADC/XADC.srcs/sources_1/new/top_XADC_voltage.v:30]
INFO: [Synth 8-6155] done synthesizing module 'top_XADC_voltage' (7#1) [D:/my_homework/my_vivado_practice/project_practice_week10_on_class/XADC/XADC.srcs/sources_1/new/top_XADC_voltage.v:23]
WARNING: [Synth 8-3331] design data_output has unconnected port do_out[3]
WARNING: [Synth 8-3331] design data_output has unconnected port do_out[2]
WARNING: [Synth 8-3331] design data_output has unconnected port do_out[1]
WARNING: [Synth 8-3331] design data_output has unconnected port do_out[0]
---------------------------------------------------------------------------------
Finished RTL Elaboration : Time (s): cpu = 00:00:02 ; elapsed = 00:00:04 . Memory (MB): peak = 3717.145 ; gain = 0.000
---------------------------------------------------------------------------------

Report Check Netlist: 
+------+------------------+-------+---------+-------+------------------+
|      |Item              |Errors |Warnings |Status |Description       |
+------+------------------+-------+---------+-------+------------------+
|1     |multi_driven_nets |      0|        0|Passed |Multi driven nets |
+------+------------------+-------+---------+-------+------------------+
WARNING: [Synth 8-3295] tying undriven pin top_show_high_low:an1[3] to constant 0 [D:/my_homework/my_vivado_practice/project_practice_week10_on_class/XADC/XADC.srcs/sources_1/new/top_XADC_voltage.v:55]
WARNING: [Synth 8-3295] tying undriven pin top_show_high_low:an1[2] to constant 0 [D:/my_homework/my_vivado_practice/project_practice_week10_on_class/XADC/XADC.srcs/sources_1/new/top_XADC_voltage.v:55]
WARNING: [Synth 8-3295] tying undriven pin top_show_high_low:an1[1] to constant 0 [D:/my_homework/my_vivado_practice/project_practice_week10_on_class/XADC/XADC.srcs/sources_1/new/top_XADC_voltage.v:55]
WARNING: [Synth 8-3295] tying undriven pin top_show_high_low:an1[0] to constant 0 [D:/my_homework/my_vivado_practice/project_practice_week10_on_class/XADC/XADC.srcs/sources_1/new/top_XADC_voltage.v:55]
WARNING: [Synth 8-3295] tying undriven pin top_show_high_low:an2[3] to constant 0 [D:/my_homework/my_vivado_practice/project_practice_week10_on_class/XADC/XADC.srcs/sources_1/new/top_XADC_voltage.v:55]
WARNING: [Synth 8-3295] tying undriven pin top_show_high_low:an2[2] to constant 0 [D:/my_homework/my_vivado_practice/project_practice_week10_on_class/XADC/XADC.srcs/sources_1/new/top_XADC_voltage.v:55]
WARNING: [Synth 8-3295] tying undriven pin top_show_high_low:an2[1] to constant 0 [D:/my_homework/my_vivado_practice/project_practice_week10_on_class/XADC/XADC.srcs/sources_1/new/top_XADC_voltage.v:55]
WARNING: [Synth 8-3295] tying undriven pin top_show_high_low:an2[0] to constant 0 [D:/my_homework/my_vivado_practice/project_practice_week10_on_class/XADC/XADC.srcs/sources_1/new/top_XADC_voltage.v:55]
WARNING: [Synth 8-3295] tying undriven pin top_show_high_low:a_to_g1[7] to constant 0 [D:/my_homework/my_vivado_practice/project_practice_week10_on_class/XADC/XADC.srcs/sources_1/new/top_XADC_voltage.v:55]
WARNING: [Synth 8-3295] tying undriven pin top_show_high_low:a_to_g1[6] to constant 0 [D:/my_homework/my_vivado_practice/project_practice_week10_on_class/XADC/XADC.srcs/sources_1/new/top_XADC_voltage.v:55]
WARNING: [Synth 8-3295] tying undriven pin top_show_high_low:a_to_g1[5] to constant 0 [D:/my_homework/my_vivado_practice/project_practice_week10_on_class/XADC/XADC.srcs/sources_1/new/top_XADC_voltage.v:55]
WARNING: [Synth 8-3295] tying undriven pin top_show_high_low:a_to_g1[4] to constant 0 [D:/my_homework/my_vivado_practice/project_practice_week10_on_class/XADC/XADC.srcs/sources_1/new/top_XADC_voltage.v:55]
WARNING: [Synth 8-3295] tying undriven pin top_show_high_low:a_to_g1[3] to constant 0 [D:/my_homework/my_vivado_practice/project_practice_week10_on_class/XADC/XADC.srcs/sources_1/new/top_XADC_voltage.v:55]
WARNING: [Synth 8-3295] tying undriven pin top_show_high_low:a_to_g1[2] to constant 0 [D:/my_homework/my_vivado_practice/project_practice_week10_on_class/XADC/XADC.srcs/sources_1/new/top_XADC_voltage.v:55]
WARNING: [Synth 8-3295] tying undriven pin top_show_high_low:a_to_g1[1] to constant 0 [D:/my_homework/my_vivado_practice/project_practice_week10_on_class/XADC/XADC.srcs/sources_1/new/top_XADC_voltage.v:55]
WARNING: [Synth 8-3295] tying undriven pin top_show_high_low:a_to_g1[0] to constant 0 [D:/my_homework/my_vivado_practice/project_practice_week10_on_class/XADC/XADC.srcs/sources_1/new/top_XADC_voltage.v:55]
WARNING: [Synth 8-3295] tying undriven pin top_show_high_low:a_to_g2[7] to constant 0 [D:/my_homework/my_vivado_practice/project_practice_week10_on_class/XADC/XADC.srcs/sources_1/new/top_XADC_voltage.v:55]
WARNING: [Synth 8-3295] tying undriven pin top_show_high_low:a_to_g2[6] to constant 0 [D:/my_homework/my_vivado_practice/project_practice_week10_on_class/XADC/XADC.srcs/sources_1/new/top_XADC_voltage.v:55]
WARNING: [Synth 8-3295] tying undriven pin top_show_high_low:a_to_g2[5] to constant 0 [D:/my_homework/my_vivado_practice/project_practice_week10_on_class/XADC/XADC.srcs/sources_1/new/top_XADC_voltage.v:55]
WARNING: [Synth 8-3295] tying undriven pin top_show_high_low:a_to_g2[4] to constant 0 [D:/my_homework/my_vivado_practice/project_practice_week10_on_class/XADC/XADC.srcs/sources_1/new/top_XADC_voltage.v:55]
WARNING: [Synth 8-3295] tying undriven pin top_show_high_low:a_to_g2[3] to constant 0 [D:/my_homework/my_vivado_practice/project_practice_week10_on_class/XADC/XADC.srcs/sources_1/new/top_XADC_voltage.v:55]
WARNING: [Synth 8-3295] tying undriven pin top_show_high_low:a_to_g2[2] to constant 0 [D:/my_homework/my_vivado_practice/project_practice_week10_on_class/XADC/XADC.srcs/sources_1/new/top_XADC_voltage.v:55]
WARNING: [Synth 8-3295] tying undriven pin top_show_high_low:a_to_g2[1] to constant 0 [D:/my_homework/my_vivado_practice/project_practice_week10_on_class/XADC/XADC.srcs/sources_1/new/top_XADC_voltage.v:55]
WARNING: [Synth 8-3295] tying undriven pin top_show_high_low:a_to_g2[0] to constant 0 [D:/my_homework/my_vivado_practice/project_practice_week10_on_class/XADC/XADC.srcs/sources_1/new/top_XADC_voltage.v:55]
---------------------------------------------------------------------------------
Start Handling Custom Attributes
---------------------------------------------------------------------------------
---------------------------------------------------------------------------------
Finished Handling Custom Attributes : Time (s): cpu = 00:00:03 ; elapsed = 00:00:04 . Memory (MB): peak = 3717.145 ; gain = 0.000
---------------------------------------------------------------------------------
---------------------------------------------------------------------------------
Finished RTL Optimization Phase 1 : Time (s): cpu = 00:00:03 ; elapsed = 00:00:04 . Memory (MB): peak = 3717.145 ; gain = 0.000
---------------------------------------------------------------------------------
INFO: [Project 1-454] Reading design checkpoint 'd:/my_homework/my_vivado_practice/project_practice_week10_on_class/XADC/XADC.srcs/sources_1/ip/xadc_wiz_0/xadc_wiz_0.dcp' for cell 'top_xadc/u1'
INFO: [Netlist 29-17] Analyzing 1 Unisim elements for replacement
INFO: [Netlist 29-28] Unisim Transformation completed in 0 CPU seconds
INFO: [Project 1-479] Netlist was created with Vivado 2018.3
INFO: [Project 1-570] Preparing netlist for logic optimization
INFO: [Opt 31-140] Inserted 4 IBUFs to IO ports without IO buffers.

Processing XDC Constraints
Initializing timing engine
Parsing XDC File [d:/my_homework/my_vivado_practice/project_practice_week10_on_class/XADC/XADC.srcs/sources_1/ip/xadc_wiz_0/xadc_wiz_0.xdc] for cell 'top_xadc/u1/inst'
Finished Parsing XDC File [d:/my_homework/my_vivado_practice/project_practice_week10_on_class/XADC/XADC.srcs/sources_1/ip/xadc_wiz_0/xadc_wiz_0.xdc] for cell 'top_xadc/u1/inst'
Parsing XDC File [D:/my_homework/my_vivado_practice/project_practice_week10_on_class/XADC/XADC.srcs/constrs_1/new/XADC_voltage.xdc]
Finished Parsing XDC File [D:/my_homework/my_vivado_practice/project_practice_week10_on_class/XADC/XADC.srcs/constrs_1/new/XADC_voltage.xdc]
Completed Processing XDC Constraints

INFO: [Opt 31-138] Pushed 0 inverter(s) to 0 load pin(s).
Netlist sorting complete. Time (s): cpu = 00:00:00 ; elapsed = 00:00:00 . Memory (MB): peak = 3717.145 ; gain = 0.000
INFO: [Project 1-111] Unisim Transformation Summary:
No Unisim elements were transformed.

RTL Elaboration Complete:  : Time (s): cpu = 00:00:06 ; elapsed = 00:00:08 . Memory (MB): peak = 3717.145 ; gain = 0.000
23 Infos, 37 Warnings, 0 Critical Warnings and 0 Errors encountered.
synth_design completed successfully
synth_design: Time (s): cpu = 00:00:06 ; elapsed = 00:00:08 . Memory (MB): peak = 3717.145 ; gain = 0.000
reset_run synth_1
WARNING: [Vivado 12-1017] Problems encountered:
1. Failed to delete one or more files in run directory D:/my_homework/my_vivado_practice/project_practice_week10_on_class/XADC/XADC.runs/synth_1

launch_runs impl_1 -to_step write_bitstream -jobs 4
[Wed May  1 20:00:51 2024] Launched synth_1...
Run output will be captured here: D:/my_homework/my_vivado_practice/project_practice_week10_on_class/XADC/XADC.runs/synth_1/runme.log
[Wed May  1 20:00:51 2024] Launched impl_1...
Run output will be captured here: D:/my_homework/my_vivado_practice/project_practice_week10_on_class/XADC/XADC.runs/impl_1/runme.log
open_hw
connect_hw_server
INFO: [Labtools 27-2285] Connecting to hw_server url TCP:localhost:3121
INFO: [Labtools 27-2222] Launching hw_server...
INFO: [Labtools 27-2221] Launch Output:

****** Xilinx hw_server v2018.3
  **** Build date : Dec  7 2018-00:40:27
    ** Copyright 1986-2018 Xilinx, Inc. All Rights Reserved.


open_hw_target
INFO: [Labtoolstcl 44-466] Opening hw_target localhost:3121/xilinx_tcf/Xilinx/1234-tulA
set_property PROGRAM.FILE {D:/my_homework/my_vivado_practice/project_practice_week10_on_class/XADC/XADC.runs/impl_1/top_XADC_voltage.bit} [get_hw_devices xc7a35t_0]
current_hw_device [get_hw_devices xc7a35t_0]
refresh_hw_device -update_hw_probes false [lindex [get_hw_devices xc7a35t_0] 0]
INFO: [Labtools 27-1434] Device xc7a35t (JTAG device index = 0) is programmed with a design that has no supported debug core(s) in it.
set_property PROBES.FILE {} [get_hw_devices xc7a35t_0]
set_property FULL_PROBES.FILE {} [get_hw_devices xc7a35t_0]
set_property PROGRAM.FILE {D:/my_homework/my_vivado_practice/project_practice_week10_on_class/XADC/XADC.runs/impl_1/top_XADC_voltage.bit} [get_hw_devices xc7a35t_0]
program_hw_devices [get_hw_devices xc7a35t_0]
INFO: [Labtools 27-3164] End of startup status: HIGH
refresh_hw_device [lindex [get_hw_devices xc7a35t_0] 0]
INFO: [Labtools 27-1434] Device xc7a35t (JTAG device index = 0) is programmed with a design that has no supported debug core(s) in it.
ERROR: [Labtoolstcl 44-513] HW Target shutdown. Closing target: localhost:3121/xilinx_tcf/Xilinx/1234-tulA
close_hw
close_sim
INFO: [Simtcl 6-16] Simulation closed
exit
INFO: [Common 17-206] Exiting Vivado at Wed May  1 20:35:16 2024...
